Bioregion,Site_number,Species_number,Endemics,Percentage_Endemic
Holartic,967,1311,594,45.30892449
Australian,109,1366,1201,87.92093704
Chile-Patagonian,10,45,32,71.11111111
Neotropical,473,9562,9424,98.55678728
Afrotropical,318,2370,2326,98.14345992
Indo-Maleysian,323,5401,4589,84.96574708