"Bioregion","Species","affinity","fidelity","indval"
"1","Acanthophippium",0,0,0
"1","Achlydosa",0,0,0
"1","Acianthera",0,0,0
"1","Acianthus",0,0,0
"1","Acineta",0,0,0
"1","Acriopsis",0,0,0
"1","Acrorchis",0,0,0
"1","Adenochilus",0,0,0
"1","Adenoncos",0,0,0
"1","Adrorhizon",0,0,0
"1","Aerangis",0,0,0
"1","Aeranthes",0,0,0
"1","Aerides",0.00206825232678387,0.0454545454545455,9.40114693992667e-05
"1","Aeridostachya",0,0,0
"1","Aetheorhyncha",0,0,0
"1","Afropectinariella",0,0,0
"1","Aganisia",0,0,0
"1","Aglossorrhyncha",0,0,0
"1","Agrostophyllum",0.00413650465356774,0.0338983050847458,0.00014022049673111
"1","Alamania",0,0,0
"1","Alatiliparis",0,0,0
"1","Altensteinia",0,0,0
"1","Ambrella",0,0,0
"1","Amoana",0,0,0
"1","Anacamptis",0.198552223371251,1,0.198552223371251
"1","Anathallis",0,0,0
"1","Ancistrochilus",0,0,0
"1","Ancistrorhynchus",0,0,0
"1","Andinia",0,0,0
"1","Andreettaea",0,0,0
"1","Angraecopsis",0,0,0
"1","Angraecum",0,0,0
"1","Anguloa",0,0,0
"1","Ania",0.00103412616339193,0.032258064516129,3.3358908496514e-05
"1","Anoectochilus",0.00413650465356774,0.0588235294117647,0.000243323803151043
"1","Ansellia",0,0,0
"1","Anthogonium",0.0103412616339193,0.416666666666667,0.00430885901413306
"1","Aphyllorchis",0.00723888314374354,0.116666666666667,0.000844536366770079
"1","Aplectrum",0.0537745604963806,1,0.0537745604963806
"1","Aporostylis",0,0,0
"1","Apostasia",0.00206825232678387,0.0240963855421687,4.98374054646715e-05
"1","Appendicula",0.00103412616339193,0.00763358778625954,7.8940928503201e-06
"1","Aracamunia",0,0,0
"1","Arachnis",0.00206825232678387,0.0769230769230769,0.000159096332829528
"1","Arethusa",0.0816959669079628,1,0.0816959669079628
"1","Arpophyllum",0,0,0
"1","Arthrochilus",0,0,0
"1","Artorima",0,0,0
"1","Arundina",0.0124095139607032,0.106194690265487,0.00131782449140211
"1","Aspasia",0,0,0
"1","Aulosepalum",0,0,0
"1","Auxopus",0,0,0
"1","Bambuseria",0,0,0
"1","Barbosella",0,0,0
"1","Barkeria",0,0,0
"1","Baskervilla",0,0,0
"1","Batemannia",0,0,0
"1","Beclardia",0,0,0
"1","Beloglottis",0,0,0
"1","Benthamia",0,0,0
"1","Benzingia",0,0,0
"1","Biermannia",0.00103412616339193,0.25,0.000258531540847983
"1","Bifrenaria",0,0,0
"1","Bipinnula",0,0,0
"1","Bletia",0.0289555325749741,0.153846153846154,0.00445469731922679
"1","Bletilla",0.0486039296794209,0.635135135135135,0.0308700634450376
"1","Bogoria",0,0,0
"1","Bolusiella",0,0,0
"1","Bonatea",0,0,0
"1","Brachionidium",0,0,0
"1","Brachycorythis",0.0124095139607032,0.0648648648648649,0.000804941446099667
"1","Brachypeza",0,0,0
"1","Brachystele",0,0,0
"1","Braemia",0,0,0
"1","Brassavola",0,0,0
"1","Brassia",0,0,0
"1","Bromheadia",0,0,0
"1","Broughtonia",0,0,0
"1","Brownleea",0,0,0
"1","Bryobium",0,0,0
"1","Buchtienia",0,0,0
"1","Bulbophyllum",0.0444674250258532,0.0646616541353384,0.00287533725731081
"1","Burnettia",0,0,0
"1","Caladenia",0,0,0
"1","Calanthe",0.0703205791106515,0.191549295774648,0.0134698574071107
"1","Caleana",0,0,0
"1","Callostylis",0.00103412616339193,0.0285714285714286,2.95464618111981e-05
"1","Calochilus",0,0,0
"1","Calopogon",0.118924508790072,0.950413223140496,0.113027425709573
"1","Caluera",0,0,0
"1","Calymmanthera",0,0,0
"1","Calypso",0.223371251292658,1,0.223371251292658
"1","Calyptrochilum",0,0,0
"1","Campanulorchis",0,0,0
"1","Campylocentrum",0,0,0
"1","Capanemia",0,0,0
"1","Cardiochilos",0,0,0
"1","Catasetum",0,0,0
"1","Cattleya",0,0,0
"1","Caucaea",0,0,0
"1","Caularthron",0,0,0
"1","Centrostigma",0,0,0
"1","Cephalanthera",0.294725956566701,0.934426229508197,0.275399664332819
"1","Ceratandra",0,0,0
"1","Ceratostylis",0.00206825232678387,0.0206185567010309,4.26443778718323e-05
"1","Chamaeanthus",0,0,0
"1","Chamaegastrodia",0.00413650465356774,1,0.00413650465356774
"1","Chamelophyton",0,0,0
"1","Chamorchis",0.0299896587383661,1,0.0299896587383661
"1","Changnienia",0.00413650465356774,0.571428571428571,0.00236371694489585
"1","Chaubardia",0,0,0
"1","Chaubardiella",0,0,0
"1","Cheiradenia",0,0,0
"1","Cheirostylis",0.00413650465356774,0.0434782608695652,0.000179848028415989
"1","Chiloglottis",0,0,0
"1","Chiloschista",0.0031023784901758,0.125,0.000387797311271975
"1","Chloraea",0,0,0
"1","Chondrorhyncha",0,0,0
"1","Chondroscaphe",0,0,0
"1","Chroniochilus",0,0,0
"1","Chrysoglossum",0.00413650465356774,0.181818181818182,0.000752091755194134
"1","Chysis",0,0,0
"1","Chytroglossa",0,0,0
"1","Cirrhaea",0,0,0
"1","Cischweinfia",0,0,0
"1","Claderia",0,0,0
"1","Cleisocentron",0.00103412616339193,0.166666666666667,0.000172354360565322
"1","Cleisomeria",0,0,0
"1","Cleisostoma",0.0103412616339193,0.0854700854700855,0.000883868515719602
"1","Cleisostomopsis",0,0,0
"1","Cleistes",0,0,0
"1","Cleistesiopsis",0.0206825232678387,1,0.0206825232678387
"1","Clematepistephium",0,0,0
"1","Clowesia",0,0,0
"1","Coccineorchis",0,0,0
"1","Cochleanthes",0,0,0
"1","Codonorchis",0,0,0
"1","Coelia",0,0,0
"1","Coeliopsis",0,0,0
"1","Coelogyne",0.0372285418821096,0.145161290322581,0.00540414317643527
"1","Coenoemersa",0.0031023784901758,0.0909090909090909,0.0002820344081978
"1","Coilochilus",0,0,0
"1","Collabium",0.0031023784901758,0.0789473684210526,0.000244924617645458
"1","Comparettia",0,0,0
"1","Constantia",0,0,0
"1","Cooktownia",0,0,0
"1","Corallorhiza",0.53464322647363,0.934900542495479,0.49983824247173
"1","Coryanthes",0,0,0
"1","Corybas",0.00103412616339193,0.00909090909090909,9.40114693992667e-06
"1","Corycium",0,0,0
"1","Corymborkis",0.00103412616339193,0.00460829493087558,4.76555835664486e-06
"1","Cottonia",0,0,0
"1","Cotylolabium",0,0,0
"1","Cranichis",0,0,0
"1","Cremastra",0.0506721820062048,0.777777777777778,0.039411697115937
"1","Crepidium",0.0124095139607032,0.0975609756097561,0.00121068428884909
"1","Crossoglossa",0,0,0
"1","Crossoliparis",0,0,0
"1","Cryptarrhena",0,0,0
"1","Cryptochilus",0.00413650465356774,0.142857142857143,0.000590929236223962
"1","Cryptopus",0,0,0
"1","Cryptostylis",0,0,0
"1","Cuitlauzina",0,0,0
"1","Cyanaeorchis",0,0,0
"1","Cybebus",0,0,0
"1","Cyclopogon",0.00206825232678387,0.0117647058823529,2.43323803151043e-05
"1","Cycnoches",0,0,0
"1","Cylindrolobus",0.00103412616339193,0.015625,1.6158221302999e-05
"1","Cymbidium",0.0568769389865564,0.237068965517241,0.0134837570873302
"1","Cymbilabia",0.00517063081695967,0.625,0.00323164426059979
"1","Cymboglossum",0,0,0
"1","Cynorkis",0,0,0
"1","Cypripedium",0.615305067218201,0.950479233226837,0.584834688490143
"1","Cyrtochiloides",0,0,0
"1","Cyrtochilum",0,0,0
"1","Cyrtopodium",0.00103412616339193,0.00429184549356223,4.43830971412847e-06
"1","Cyrtorchis",0,0,0
"1","Cyrtosia",0.0351602895553257,0.53968253968254,0.0189753943631917
"1","Cyrtostylis",0,0,0
"1","Cystorchis",0,0,0
"1","Dactylorhiza",0.644260599793175,0.99203821656051,0.639131136419025
"1","Dactylostalix",0.00517063081695967,1,0.00517063081695967
"1","Daiotyla",0,0,0
"1","Danhatchia",0,0,0
"1","Degranvillea",0,0,0
"1","Deiregyne",0,0,0
"1","Dendrobium",0.0403309203722854,0.105121293800539,0.00423963852970116
"1","Dendrolirium",0.00206825232678387,0.04,8.27300930713547e-05
"1","Dendrophylax",0.00206825232678387,0.1,0.000206825232678387
"1","Devogelia",0,0,0
"1","Diaphananthe",0,0,0
"1","Diceratostele",0,0,0
"1","Dichaea",0,0,0
"1","Dichromanthus",0.00206825232678387,0.0416666666666667,8.61771802826612e-05
"1","Didymoplexiella",0,0,0
"1","Didymoplexis",0.00103412616339193,0.024390243902439,2.52225893510228e-05
"1","Dienia",0.0031023784901758,0.0576923076923077,0.000178983374433219
"1","Diglyphosa",0.00103412616339193,0.2,0.000206825232678387
"1","Dilochia",0,0,0
"1","Dilochiopsis",0,0,0
"1","Dilomilis",0,0,0
"1","Dimerandra",0,0,0
"1","Dimorphorchis",0,0,0
"1","Dinema",0,0,0
"1","Dinklageella",0,0,0
"1","Diodonopsis",0,0,0
"1","Diplocentrum",0,0,0
"1","Diplomeris",0.00413650465356774,0.571428571428571,0.00236371694489585
"1","Diploprora",0.00103412616339193,0.0625,6.46328852119959e-05
"1","Dipodium",0,0,0
"1","Disa",0,0,0
"1","Discyphus",0,0,0
"1","Disperis",0,0,0
"1","Diuris",0,0,0
"1","Domingoa",0,0,0
"1","Dossinia",0,0,0
"1","Dracomonticola",0,0,0
"1","Draconanthes",0,0,0
"1","Dracula",0,0,0
"1","Drakaea",0,0,0
"1","Dresslerella",0,0,0
"1","Dressleria",0,0,0
"1","Dryadella",0,0,0
"1","Dryadorchis",0,0,0
"1","Drymoanthus",0,0,0
"1","Duckeella",0,0,0
"1","Dunstervillea",0,0,0
"1","Dyakia",0,0,0
"1","Earina",0,0,0
"1","Echinorhyncha",0,0,0
"1","Echinosepala",0,0,0
"1","Eggelingia",0,0,0
"1","Eleorchis",0.0062047569803516,1,0.0062047569803516
"1","Elleanthus",0,0,0
"1","Eloyella",0,0,0
"1","Eltroplectris",0,0,0
"1","Embreea",0,0,0
"1","Encyclia",0.00723888314374354,0.025830258302583,0.00018698222142511
"1","Ephippianthus",0.0031023784901758,1,0.0031023784901758
"1","Epiblastus",0,0,0
"1","Epiblema",0,0,0
"1","Epidendrum",0.0103412616339193,0.0242130750605327,0.000250393744162696
"1","Epipactis",0.501551189245088,0.913370998116761,0.458102310327434
"1","Epipogium",0.173733195449845,0.746666666666667,0.129720785935884
"1","Epistephium",0,0,0
"1","Erasanthe",0,0,0
"1","Eria",0.00517063081695967,0.0510204081632653,0.00026380769474284
"1","Eriaxis",0,0,0
"1","Eriochilus",0,0,0
"1","Eriodes",0,0,0
"1","Eriopsis",0,0,0
"1","Erycina",0,0,0
"1","Erythrodes",0.00103412616339193,0.0434782608695652,4.49620071039971e-05
"1","Erythrorchis",0,0,0
"1","Espinhassoa",0,0,0
"1","Eulophia",0.0227507755946225,0.0314285714285714,0.000715024375830994
"1","Euryblema",0,0,0
"1","Eurycentrum",0,0,0
"1","Eurychone",0,0,0
"1","Eurystyles",0,0,0
"1","Evotella",0,0,0
"1","Fernandezia",0,0,0
"1","Frondaria",0,0,0
"1","Fuertesiella",0,0,0
"1","Funkiella",0,0,0
"1","Galeandra",0,0,0
"1","Galearis",0.257497414684592,0.996,0.256467425025853
"1","Galeoglossum",0,0,0
"1","Galeola",0.0062047569803516,0.13953488372093,0.000865780043769991
"1","Galeottia",0,0,0
"1","Galeottiella",0,0,0
"1","Gastrochilus",0.0258531540847983,0.337837837837838,0.00873417367729674
"1","Gastrodia",0.0579110651499483,0.397163120567376,0.0230001393503341
"1","Gavilea",0,0,0
"1","Gennaria",0.0103412616339193,1,0.0103412616339193
"1","Genoplesium",0,0,0
"1","Glomera",0,0,0
"1","Gomesa",0,0,0
"1","Gomphichis",0,0,0
"1","Gonatostylis",0,0,0
"1","Gongora",0,0,0
"1","Goodyera",0.590486039296794,0.772665764546685,0.456248347007401
"1","Govenia",0.00103412616339193,0.00925925925925926,9.57524225362902e-06
"1","Grammangis",0,0,0
"1","Grammatophyllum",0,0,0
"1","Grandiphyllum",0,0,0
"1","Graphorkis",0,0,0
"1","Gravendeelia",0,0,0
"1","Greenwoodiella",0,0,0
"1","Grobya",0,0,0
"1","Grosourdya",0,0,0
"1","Guanchezia",0,0,0
"1","Guarianthe",0,0,0
"1","Gunnarella",0,0,0
"1","Gymnadenia",0.344364012409514,1,0.344364012409514
"1","Habenaria",0.127197518097208,0.130990415335463,0.0166616557251934
"1","Hagsatera",0,0,0
"1","Halleorchis",0,0,0
"1","Hammarbya",0.157187176835574,1,0.157187176835574
"1","Hancockia",0,0,0
"1","Hapalorchis",0,0,0
"1","Helleriella",0,0,0
"1","Helonoma",0,0,0
"1","Hemipilia",0.183040330920372,0.819444444444444,0.149991382281972
"1","Herminium",0.240951396070321,0.826241134751773,0.199083954909166
"1","Herpysma",0.00206825232678387,0.2,0.000413650465356774
"1","Hetaeria",0.00206825232678387,0.0163934426229508,3.39057758489159e-05
"1","Himantoglossum",0.0951396070320579,1,0.0951396070320579
"1","Hintonella",0,0,0
"1","Hoehneella",0,0,0
"1","Hofmeisterella",0,0,0
"1","Holcoglossum",0.00827300930713547,0.333333333333333,0.00275766976904516
"1","Holothrix",0,0,0
"1","Homalopetalum",0,0,0
"1","Horichia",0,0,0
"1","Horvatia",0,0,0
"1","Houlletia",0,0,0
"1","Hsenhsua",0.00413650465356774,1,0.00413650465356774
"1","Huntleya",0,0,0
"1","Huttonaea",0,0,0
"1","Hylophila",0,0,0
"1","Hymenorchis",0,0,0
"1","Ida",0,0,0
"1","Imerinaea",0,0,0
"1","Ionopsis",0,0,0
"1","Isabelia",0,0,0
"1","Isochilus",0,0,0
"1","Isotria",0.0486039296794209,1,0.0486039296794209
"1","Ixyophora",0,0,0
"1","Jacquiniella",0,0,0
"1","Jejewoodia",0,0,0
"1","Jumellea",0,0,0
"1","Kefersteinia",0,0,0
"1","Kegeliella",0,0,0
"1","Kionophyton",0,0,0
"1","Koellensteinia",0,0,0
"1","Kylicanthe",0,0,0
"1","Lacaena",0,0,0
"1","Laelia",0,0,0
"1","Lankesterella",0,0,0
"1","Lankesteriana",0,0,0
"1","Lecanorchis",0.0144777662874871,0.368421052631579,0.00533391389538997
"1","Lemurella",0,0,0
"1","Lemurorchis",0,0,0
"1","Leochilus",0,0,0
"1","Lepanthes",0,0,0
"1","Lepanthopsis",0,0,0
"1","Lepidogyne",0,0,0
"1","Leporella",0,0,0
"1","Leptoceras",0,0,0
"1","Leptotes",0,0,0
"1","Limodorum",0.0796277145811789,1,0.0796277145811789
"1","Liparis",0.28335056876939,0.345088161209068,0.0977809267541723
"1","Listrostachys",0,0,0
"1","Lockhartia",0,0,0
"1","Loefgrenianthus",0,0,0
"1","Ludisia",0,0,0
"1","Lueckelia",0,0,0
"1","Lueddemannia",0,0,0
"1","Luisia",0.00827300930713547,0.102564102564103,0.000848513775090818
"1","Lycaste",0,0,0
"1","Lycomormium",0,0,0
"1","Lyperanthus",0,0,0
"1","Lyroglossa",0,0,0
"1","Macodes",0,0,0
"1","Macradenia",0,0,0
"1","Macroclinium",0,0,0
"1","Macropodanthus",0,0,0
"1","Madisonia",0,0,0
"1","Malaxis",0.375387797311272,0.62051282051282,0.232932940895712
"1","Manniella",0,0,0
"1","Masdevallia",0,0,0
"1","Maxillaria",0.00103412616339193,0.00303030303030303,3.13371564664222e-06
"1","Mediocalcar",0,0,0
"1","Megalorchis",0,0,0
"1","Megastylis",0,0,0
"1","Meiracyllium",0,0,0
"1","Mengzia",0,0,0
"1","Mesadenella",0,0,0
"1","Mesadenus",0,0,0
"1","Mexipedium",0,0,0
"1","Microchilus",0.00723888314374354,0.0303030303030303,0.000219360095264956
"1","Microcoelia",0,0,0
"1","Microepidendrum",0,0,0
"1","Micropera",0.00103412616339193,0.0344827586206897,3.56595228755839e-05
"1","Microsaccus",0,0,0
"1","Microthelys",0.00103412616339193,0.0588235294117647,6.08309507877608e-05
"1","Microtis",0.00517063081695967,0.0403225806451613,0.000208493178103212
"1","Miltonia",0,0,0
"1","Miltoniopsis",0,0,0
"1","Mobilabium",0,0,0
"1","Monophyllorchis",0,0,0
"1","Mormodes",0,0,0
"1","Mycaranthes",0.00103412616339193,0.0208333333333333,2.15442950706653e-05
"1","Myoxanthus",0,0,0
"1","Myrmecophila",0,0,0
"1","Myrosmodes",0,0,0
"1","Mystacidium",0,0,0
"1","Nemaconia",0,0,0
"1","Neobathiea",0,0,0
"1","Neobolusia",0,0,0
"1","Neocogniauxia",0,0,0
"1","Neogardneria",0,0,0
"1","Neomoorea",0,0,0
"1","Neotinea",0.154084798345398,1,0.154084798345398
"1","Neottia",0.681489141675284,0.983582089552239,0.670300513976138
"1","Nephelaphyllum",0.00103412616339193,0.0294117647058824,3.04154753938804e-05
"1","Nephrangis",0,0,0
"1","Nervilia",0.0175801447776629,0.0909090909090909,0.00159819497978753
"1","Neuwiedia",0,0,0
"1","Nidema",0,0,0
"1","Nohawilliamsia",0,0,0
"1","Nothostele",0,0,0
"1","Notylia",0,0,0
"1","Notyliopsis",0,0,0
"1","Oberonia",0.0237849017580145,0.0978723404255319,0.00232788400184823
"1","Oberonioides",0,0,0
"1","Octarrhena",0,0,0
"1","Octomeria",0,0,0
"1","Odontochilus",0.0279214064115822,0.290322580645161,0.0081062147646529
"1","Odontoglossum",0,0,0
"1","Odontorrhynchus",0,0,0
"1","Oeonia",0,0,0
"1","Oeoniella",0,0,0
"1","Oestlundia",0,0,0
"1","Oligophyton",0,0,0
"1","Oliveriana",0,0,0
"1","Oncidium",0.00206825232678387,0.0099009900990099,2.04777458097413e-05
"1","Ophidion",0,0,0
"1","Ophioglossella",0,0,0
"1","Ophrys",0.172699069286453,1,0.172699069286453
"1","Orchipedum",0,0,0
"1","Orchis",0.268872802481903,1,0.268872802481903
"1","Oreorchis",0.0682523267838676,0.846153846153846,0.0577519688171188
"1","Orestias",0,0,0
"1","Orleanesia",0,0,0
"1","Ornithocephalus",0,0,0
"1","Orthoceras",0,0,0
"1","Otoglossum",0,0,0
"1","Otostylis",0,0,0
"1","Oxystophyllum",0,0,0
"1","Pabstia",0,0,0
"1","Pabstiella",0,0,0
"1","Pachites",0,0,0
"1","Pachyplectron",0,0,0
"1","Pachystoma",0.00206825232678387,0.0645161290322581,0.000133435633986056
"1","Palmorchis",0,0,0
"1","Paphinia",0,0,0
"1","Paphiopedilum",0.0031023784901758,0.0428571428571429,0.000132959078150391
"1","Papilionanthe",0.0031023784901758,0.272727272727273,0.0008461032245934
"1","Papuaea",0,0,0
"1","Paracaleana",0,0,0
"1","Paradisanthus",0,0,0
"1","Pecteilis",0.0196483971044467,0.333333333333333,0.00654946570148225
"1","Pelatantheria",0.0093071354705274,0.36,0.00335056876938987
"1","Pelexia",0,0,0
"1","Pendusalpinx",0,0,0
"1","Pennilabium",0,0,0
"1","Peristeranthus",0,0,0
"1","Peristeria",0,0,0
"1","Peristylus",0.0227507755946225,0.150684931506849,0.0034281990622034
"1","Pescatoria",0,0,0
"1","Phalaenopsis",0.0206825232678387,0.176991150442478,0.00366062358722808
"1","Pheladenia",0,0,0
"1","Phloeophila",0,0,0
"1","Phragmipedium",0,0,0
"1","Phreatia",0.00103412616339193,0.00934579439252336,9.66473049899004e-06
"1","Phymatidium",0,0,0
"1","Physogyne",0,0,0
"1","Pilophyllum",0,0,0
"1","Pinalia",0.015511892450879,0.0943396226415094,0.0014633860802716
"1","Platanthera",0.840744570837642,0.898342541436464,0.755276614465197
"1","Platycoryne",0,0,0
"1","Platyrhiza",0,0,0
"1","Platystele",0,0,0
"1","Plectorrhiza",0,0,0
"1","Plectrelminthus",0,0,0
"1","Plectrophora",0,0,0
"1","Pleione",0.0330920372285419,0.533333333333333,0.017649086521889
"1","Pleurothallis",0,0,0
"1","Pleurothallopsis",0,0,0
"1","Plocoglottis",0,0,0
"1","Poaephyllum",0,0,0
"1","Podangis",0,0,0
"1","Podochilus",0.00206825232678387,0.0206185567010309,4.26443778718323e-05
"1","Pogonia",0.169596690796277,0.896174863387978,0.151988291205407
"1","Pogoniopsis",0,0,0
"1","Polycycnis",0,0,0
"1","Polyotidium",0,0,0
"1","Polystachya",0.0031023784901758,0.00595238095238095,1.84665386319988e-05
"1","Pomatocalpa",0.00103412616339193,0.0135135135135135,1.39746778836748e-05
"1","Ponera",0,0,0
"1","Ponthieva",0.0196483971044467,0.147286821705426,0.00289394996112006
"1","Porpax",0.00206825232678387,0.0273972602739726,5.66644473091471e-05
"1","Porphyrostachys",0,0,0
"1","Porroglossum",0,0,0
"1","Porrorhachis",0,0,0
"1","Praecoxanthus",0,0,0
"1","Prasophyllum",0,0,0
"1","Prescottia",0,0,0
"1","Promenaea",0,0,0
"1","Prosthechea",0.0031023784901758,0.0100671140939597,3.12319982232463e-05
"1","Pseuderia",0,0,0
"1","Pseudocentrum",0,0,0
"1","Pseudogoodyera",0,0,0
"1","Pseudolaelia",0,0,0
"1","Pseudorchis",0.124095139607032,1,0.124095139607032
"1","Pseudovanilla",0,0,0
"1","Psilochilus",0,0,0
"1","Psychilis",0,0,0
"1","Psychopsiella",0,0,0
"1","Psychopsis",0,0,0
"1","Pterichis",0,0,0
"1","Pteroceras",0.00103412616339193,0.0526315789473684,5.44276928101018e-05
"1","Pteroglossa",0,0,0
"1","Pterostemma",0,0,0
"1","Pterostylis",0,0,0
"1","Pterygodium",0,0,0
"1","Pupulinia",0,0,0
"1","Pygmaeorchis",0,0,0
"1","Pyrorchis",0,0,0
"1","Quechua",0,0,0
"1","Quekettia",0,0,0
"1","Quisqueya",0,0,0
"1","Rangaeris",0,0,0
"1","Rauhiella",0,0,0
"1","Renanthera",0,0,0
"1","Restrepia",0,0,0
"1","Restrepiella",0,0,0
"1","Rhinerrhiza",0,0,0
"1","Rhipidoglossum",0,0,0
"1","Rhizanthella",0,0,0
"1","Rhomboda",0.0062047569803516,0.107142857142857,0.000664795390751957
"1","Rhynchogyna",0,0,0
"1","Rhyncholaelia",0,0,0
"1","Rhynchostele",0,0,0
"1","Rhynchostylis",0.00413650465356774,0.210526315789474,0.000870843084961628
"1","Ridleyella",0,0,0
"1","Rimacola",0,0,0
"1","Risleya",0.0062047569803516,1,0.0062047569803516
"1","Robiquetia",0.00103412616339193,0.0114942528735632,1.18865076251946e-05
"1","Rodriguezia",0,0,0
"1","Roeperocharis",0,0,0
"1","Rossioglossum",0,0,0
"1","Rudolfiella",0,0,0
"1","Saccolabiopsis",0,0,0
"1","Saccolabium",0,0,0
"1","Sacoila",0.00413650465356774,0.02,8.27300930713547e-05
"1","Sanderella",0,0,0
"1","Sarcanthopsis",0,0,0
"1","Sarcochilus",0,0,0
"1","Sarcoglottis",0,0,0
"1","Sarcoglyphis",0,0,0
"1","Satyrium",0.0299896587383661,0.168604651162791,0.00505639595007335
"1","Saundersia",0,0,0
"1","Sauroglossum",0,0,0
"1","Scaphosepalum",0,0,0
"1","Scaphyglottis",0,0,0
"1","Schiedeella",0.00413650465356774,0.117647058823529,0.000486647606302087
"1","Schizochilus",0,0,0
"1","Schlimia",0,0,0
"1","Schoenorchis",0.00517063081695967,0.0735294117647059,0.000380193442423505
"1","Scuticaria",0,0,0
"1","Seidenfadenia",0,0,0
"1","Selenipedium",0,0,0
"1","Serapias",0.0796277145811789,0.916666666666667,0.072992071699414
"1","Sertifera",0,0,0
"1","Sievekingia",0,0,0
"1","Sirhookera",0,0,0
"1","Sirindhornia",0,0,0
"1","Skeptrostachys",0,0,0
"1","Smitinandia",0.00103412616339193,0.166666666666667,0.000172354360565322
"1","Sobennikoffia",0,0,0
"1","Sobralia",0,0,0
"1","Solenangis",0,0,0
"1","Solenidium",0,0,0
"1","Solenocentrum",0,0,0
"1","Soterosanthus",0,0,0
"1","Sotoa",0,0,0
"1","Spathoglottis",0.0144777662874871,0.0843373493975904,0.00122101643388445
"1","Specklinia",0,0,0
"1","Sphyrarhynchus",0,0,0
"1","Spiculaea",0,0,0
"1","Spiranthes",0.629782833505688,0.770886075949367,0.485490817221473
"1","Stanhopea",0,0,0
"1","Stelis",0,0,0
"1","Stellamaris",0,0,0
"1","Stenia",0,0,0
"1","Stenoglottis",0,0,0
"1","Stenoptera",0,0,0
"1","Stenorrhynchos",0,0,0
"1","Stenotyla",0,0,0
"1","Stereochilus",0.00103412616339193,0.5,0.000517063081695967
"1","Stereosandra",0,0,0
"1","Steveniella",0.0062047569803516,1,0.0062047569803516
"1","Stichorkis",0,0,0
"1","Stigmatodactylus",0.0062047569803516,0.2,0.00124095139607032
"1","Strongyleria",0.00206825232678387,0.04,8.27300930713547e-05
"1","Suarezia",0,0,0
"1","Summerhayesia",0,0,0
"1","Svenkoeltzia",0,0,0
"1","Systeloglossum",0,0,0
"1","Taeniophyllum",0.0113753877973113,0.120879120879121,0.00137504687659807
"1","Tainia",0.00723888314374354,0.109375,0.000791752843846949
"1","Tamayorkis",0.0062047569803516,0.2,0.00124095139607032
"1","Taprobanea",0,0,0
"1","Teagueia",0,0,0
"1","Telipogon",0,0,0
"1","Tetramicra",0,0,0
"1","Teuscheria",0,0,0
"1","Thaia",0,0,0
"1","Thecopus",0,0,0
"1","Thecostele",0,0,0
"1","Thelasis",0.00103412616339193,0.0136986301369863,1.41661118272868e-05
"1","Thelymitra",0,0,0
"1","Thelyschista",0,0,0
"1","Thrixspermum",0.0144777662874871,0.123893805309735,0.00179370555774176
"1","Thulinia",0,0,0
"1","Thunia",0.00723888314374354,0.388888888888889,0.00281512122256693
"1","Thysanoglossa",0,0,0
"1","Tipularia",0.0682523267838676,0.970588235294118,0.0662449054078715
"1","Tolumnia",0,0,0
"1","Townsonia",0,0,0
"1","Trachoma",0,0,0
"1","Traunsteinera",0.0330920372285419,1,0.0330920372285419
"1","Trevoria",0,0,0
"1","Triceratorhynchus",0,0,0
"1","Trichocentrum",0.00103412616339193,0.00359712230215827,3.7198782855825e-06
"1","Trichoceros",0,0,0
"1","Trichoglottis",0,0,0
"1","Trichopilia",0,0,0
"1","Trichosalpinx",0,0,0
"1","Trichotosia",0.00103412616339193,0.0101010101010101,1.04457188221407e-05
"1","Tridactyle",0,0,0
"1","Triphora",0.0455015511892451,0.444444444444444,0.0202229116396645
"1","Trisetella",0,0,0
"1","Trizeuxis",0,0,0
"1","Tropidia",0.00827300930713547,0.0695652173913043,0.000575513690931163
"1","Tsaiorchis",0,0,0
"1","Tuberolabium",0,0,0
"1","Tylostigma",0,0,0
"1","Uleiorchis",0,0,0
"1","Uncifera",0.00206825232678387,0.4,0.000827300930713547
"1","Vanda",0.0217166494312306,0.203883495145631,0.00442766638889168
"1","Vandopsis",0,0,0
"1","Vanilla",0.00206825232678387,0.00467289719626168,9.66473049899004e-06
"1","Vargasiella",0,0,0
"1","Vasqueziella",0,0,0
"1","Veyretella",0,0,0
"1","Veyretia",0,0,0
"1","Vitekorchis",0,0,0
"1","Vrydagzynea",0,0,0
"1","Waireia",0,0,0
"1","Warczewiczella",0,0,0
"1","Warmingia",0,0,0
"1","Warrea",0,0,0
"1","Warreella",0,0,0
"1","Warreopsis",0,0,0
"1","Wullschlaegelia",0,0,0
"1","Xerorchis",0,0,0
"1","Xylobium",0,0,0
"1","Yoania",0.0134436401240951,0.928571428571429,0.0124833801152312
"1","Ypsilopus",0,0,0
"1","Zelenkoa",0,0,0
"1","Zeuxine",0.0144777662874871,0.0828402366863905,0.00119934158594567
"1","Zootrophion",0,0,0
"1","Zygopetalum",0,0,0
"1","Zygosepalum",0,0,0
"1","Zygostates",0,0,0
"2","Acanthophippium",0,0,0
"2","Achlydosa",0,0,0
"2","Acianthera",0,0,0
"2","Acianthus",0.532110091743119,0.892307692307692,0.474805928016937
"2","Acineta",0,0,0
"2","Acriopsis",0,0,0
"2","Acrorchis",0,0,0
"2","Adenochilus",0.165137614678899,1,0.165137614678899
"2","Adenoncos",0,0,0
"2","Adrorhizon",0,0,0
"2","Aerangis",0,0,0
"2","Aeranthes",0,0,0
"2","Aerides",0,0,0
"2","Aeridostachya",0,0,0
"2","Aetheorhyncha",0,0,0
"2","Afropectinariella",0,0,0
"2","Aganisia",0,0,0
"2","Aglossorrhyncha",0,0,0
"2","Agrostophyllum",0,0,0
"2","Alamania",0,0,0
"2","Alatiliparis",0,0,0
"2","Altensteinia",0,0,0
"2","Ambrella",0,0,0
"2","Amoana",0,0,0
"2","Anacamptis",0,0,0
"2","Anathallis",0,0,0
"2","Ancistrochilus",0,0,0
"2","Ancistrorhynchus",0,0,0
"2","Andinia",0,0,0
"2","Andreettaea",0,0,0
"2","Angraecopsis",0,0,0
"2","Angraecum",0,0,0
"2","Anguloa",0,0,0
"2","Ania",0,0,0
"2","Anoectochilus",0,0,0
"2","Ansellia",0,0,0
"2","Anthogonium",0,0,0
"2","Aphyllorchis",0,0,0
"2","Aplectrum",0,0,0
"2","Aporostylis",0.174311926605505,1,0.174311926605505
"2","Apostasia",0,0,0
"2","Appendicula",0,0,0
"2","Aracamunia",0,0,0
"2","Arachnis",0,0,0
"2","Arethusa",0,0,0
"2","Arpophyllum",0,0,0
"2","Arthrochilus",0.201834862385321,0.564102564102564,0.113855563396848
"2","Artorima",0,0,0
"2","Arundina",0,0,0
"2","Aspasia",0,0,0
"2","Aulosepalum",0,0,0
"2","Auxopus",0,0,0
"2","Bambuseria",0,0,0
"2","Barbosella",0,0,0
"2","Barkeria",0,0,0
"2","Baskervilla",0,0,0
"2","Batemannia",0,0,0
"2","Beclardia",0,0,0
"2","Beloglottis",0,0,0
"2","Benthamia",0,0,0
"2","Benzingia",0,0,0
"2","Biermannia",0,0,0
"2","Bifrenaria",0,0,0
"2","Bipinnula",0,0,0
"2","Bletia",0,0,0
"2","Bletilla",0,0,0
"2","Bogoria",0,0,0
"2","Bolusiella",0,0,0
"2","Bonatea",0,0,0
"2","Brachionidium",0,0,0
"2","Brachycorythis",0,0,0
"2","Brachypeza",0,0,0
"2","Brachystele",0,0,0
"2","Braemia",0,0,0
"2","Brassavola",0,0,0
"2","Brassia",0,0,0
"2","Bromheadia",0,0,0
"2","Broughtonia",0,0,0
"2","Brownleea",0,0,0
"2","Bryobium",0.0091743119266055,0.0204081632653061,0.00018723085564501
"2","Buchtienia",0,0,0
"2","Bulbophyllum",0.247706422018349,0.0406015037593985,0.0100572532248051
"2","Burnettia",0.155963302752294,1,0.155963302752294
"2","Caladenia",0.944954128440367,0.858333333333333,0.811085626911315
"2","Calanthe",0.091743119266055,0.028169014084507,0.00258431321876211
"2","Caleana",0.513761467889908,1,0.513761467889908
"2","Callostylis",0,0,0
"2","Calochilus",0.532110091743119,0.725,0.385779816513761
"2","Calopogon",0,0,0
"2","Caluera",0,0,0
"2","Calymmanthera",0,0,0
"2","Calypso",0,0,0
"2","Calyptrochilum",0,0,0
"2","Campanulorchis",0,0,0
"2","Campylocentrum",0,0,0
"2","Capanemia",0,0,0
"2","Cardiochilos",0,0,0
"2","Catasetum",0,0,0
"2","Cattleya",0,0,0
"2","Caucaea",0,0,0
"2","Caularthron",0,0,0
"2","Centrostigma",0,0,0
"2","Cephalanthera",0,0,0
"2","Ceratandra",0,0,0
"2","Ceratostylis",0,0,0
"2","Chamaeanthus",0,0,0
"2","Chamaegastrodia",0,0,0
"2","Chamelophyton",0,0,0
"2","Chamorchis",0,0,0
"2","Changnienia",0,0,0
"2","Chaubardia",0,0,0
"2","Chaubardiella",0,0,0
"2","Cheiradenia",0,0,0
"2","Cheirostylis",0.0458715596330275,0.0543478260869565,0.00249301954527323
"2","Chiloglottis",0.486238532110092,0.929824561403509,0.452116529856752
"2","Chiloschista",0.018348623853211,0.0833333333333333,0.00152905198776758
"2","Chloraea",0,0,0
"2","Chondrorhyncha",0,0,0
"2","Chondroscaphe",0,0,0
"2","Chroniochilus",0,0,0
"2","Chrysoglossum",0,0,0
"2","Chysis",0,0,0
"2","Chytroglossa",0,0,0
"2","Cirrhaea",0,0,0
"2","Cischweinfia",0,0,0
"2","Claderia",0,0,0
"2","Cleisocentron",0,0,0
"2","Cleisomeria",0,0,0
"2","Cleisostoma",0,0,0
"2","Cleisostomopsis",0,0,0
"2","Cleistes",0,0,0
"2","Cleistesiopsis",0,0,0
"2","Clematepistephium",0,0,0
"2","Clowesia",0,0,0
"2","Coccineorchis",0,0,0
"2","Cochleanthes",0,0,0
"2","Codonorchis",0,0,0
"2","Coelia",0,0,0
"2","Coeliopsis",0,0,0
"2","Coelogyne",0,0,0
"2","Coenoemersa",0,0,0
"2","Coilochilus",0,0,0
"2","Collabium",0,0,0
"2","Comparettia",0,0,0
"2","Constantia",0,0,0
"2","Cooktownia",0,0,0
"2","Corallorhiza",0,0,0
"2","Coryanthes",0,0,0
"2","Corybas",0.623853211009174,0.618181818181818,0.385654712260217
"2","Corycium",0,0,0
"2","Corymborkis",0,0,0
"2","Cottonia",0,0,0
"2","Cotylolabium",0,0,0
"2","Cranichis",0,0,0
"2","Cremastra",0,0,0
"2","Crepidium",0,0,0
"2","Crossoglossa",0,0,0
"2","Crossoliparis",0,0,0
"2","Cryptarrhena",0,0,0
"2","Cryptochilus",0,0,0
"2","Cryptopus",0,0,0
"2","Cryptostylis",0.376146788990826,0.436170212765957,0.16406402498536
"2","Cuitlauzina",0,0,0
"2","Cyanaeorchis",0,0,0
"2","Cybebus",0,0,0
"2","Cyclopogon",0,0,0
"2","Cycnoches",0,0,0
"2","Cylindrolobus",0,0,0
"2","Cymbidium",0.192660550458716,0.0905172413793103,0.0174391015501424
"2","Cymbilabia",0,0,0
"2","Cymboglossum",0,0,0
"2","Cynorkis",0,0,0
"2","Cypripedium",0,0,0
"2","Cyrtochiloides",0,0,0
"2","Cyrtochilum",0,0,0
"2","Cyrtopodium",0,0,0
"2","Cyrtorchis",0,0,0
"2","Cyrtosia",0,0,0
"2","Cyrtostylis",0.513761467889908,0.982456140350877,0.50474810880412
"2","Cystorchis",0,0,0
"2","Dactylorhiza",0,0,0
"2","Dactylostalix",0,0,0
"2","Daiotyla",0,0,0
"2","Danhatchia",0.055045871559633,1,0.055045871559633
"2","Degranvillea",0,0,0
"2","Deiregyne",0,0,0
"2","Dendrobium",0.440366972477064,0.129380053908356,0.056974702638542
"2","Dendrolirium",0,0,0
"2","Dendrophylax",0,0,0
"2","Devogelia",0,0,0
"2","Diaphananthe",0,0,0
"2","Diceratostele",0,0,0
"2","Dichaea",0,0,0
"2","Dichromanthus",0,0,0
"2","Didymoplexiella",0,0,0
"2","Didymoplexis",0,0,0
"2","Dienia",0,0,0
"2","Diglyphosa",0,0,0
"2","Dilochia",0,0,0
"2","Dilochiopsis",0,0,0
"2","Dilomilis",0,0,0
"2","Dimerandra",0,0,0
"2","Dimorphorchis",0,0,0
"2","Dinema",0,0,0
"2","Dinklageella",0,0,0
"2","Diodonopsis",0,0,0
"2","Diplocentrum",0,0,0
"2","Diplomeris",0,0,0
"2","Diploprora",0,0,0
"2","Dipodium",0.330275229357798,0.391304347826087,0.129238133226965
"2","Disa",0,0,0
"2","Discyphus",0,0,0
"2","Disperis",0,0,0
"2","Diuris",0.642201834862385,0.886075949367089,0.569039600510974
"2","Domingoa",0,0,0
"2","Dossinia",0,0,0
"2","Dracomonticola",0,0,0
"2","Draconanthes",0,0,0
"2","Dracula",0,0,0
"2","Drakaea",0.119266055045872,1,0.119266055045872
"2","Dresslerella",0,0,0
"2","Dressleria",0,0,0
"2","Dryadella",0,0,0
"2","Dryadorchis",0,0,0
"2","Drymoanthus",0.155963302752294,0.708333333333333,0.110474006116208
"2","Duckeella",0,0,0
"2","Dunstervillea",0,0,0
"2","Dyakia",0,0,0
"2","Earina",0.174311926605505,0.703703703703704,0.122663948352022
"2","Echinorhyncha",0,0,0
"2","Echinosepala",0,0,0
"2","Eggelingia",0,0,0
"2","Eleorchis",0,0,0
"2","Elleanthus",0,0,0
"2","Eloyella",0,0,0
"2","Eltroplectris",0,0,0
"2","Embreea",0,0,0
"2","Encyclia",0,0,0
"2","Ephippianthus",0,0,0
"2","Epiblastus",0,0,0
"2","Epiblema",0.0458715596330275,1,0.0458715596330275
"2","Epidendrum",0,0,0
"2","Epipactis",0,0,0
"2","Epipogium",0.055045871559633,0.0266666666666667,0.00146788990825688
"2","Epistephium",0,0,0
"2","Erasanthe",0,0,0
"2","Eria",0,0,0
"2","Eriaxis",0,0,0
"2","Eriochilus",0.486238532110092,1,0.486238532110092
"2","Eriodes",0,0,0
"2","Eriopsis",0,0,0
"2","Erycina",0,0,0
"2","Erythrodes",0,0,0
"2","Erythrorchis",0.100917431192661,0.314285714285714,0.0317169069462647
"2","Espinhassoa",0,0,0
"2","Eulophia",0.055045871559633,0.00857142857142857,0.000471821756225426
"2","Euryblema",0,0,0
"2","Eurycentrum",0,0,0
"2","Eurychone",0,0,0
"2","Eurystyles",0,0,0
"2","Evotella",0,0,0
"2","Fernandezia",0,0,0
"2","Frondaria",0,0,0
"2","Fuertesiella",0,0,0
"2","Funkiella",0,0,0
"2","Galeandra",0,0,0
"2","Galearis",0,0,0
"2","Galeoglossum",0,0,0
"2","Galeola",0,0,0
"2","Galeottia",0,0,0
"2","Galeottiella",0,0,0
"2","Gastrochilus",0,0,0
"2","Gastrodia",0.458715596330275,0.354609929078014,0.162665105081658
"2","Gavilea",0,0,0
"2","Gennaria",0,0,0
"2","Genoplesium",0.63302752293578,0.92,0.582385321100917
"2","Glomera",0,0,0
"2","Gomesa",0,0,0
"2","Gomphichis",0,0,0
"2","Gonatostylis",0,0,0
"2","Gongora",0,0,0
"2","Goodyera",0,0,0
"2","Govenia",0,0,0
"2","Grammangis",0,0,0
"2","Grammatophyllum",0,0,0
"2","Grandiphyllum",0,0,0
"2","Graphorkis",0,0,0
"2","Gravendeelia",0,0,0
"2","Greenwoodiella",0,0,0
"2","Grobya",0,0,0
"2","Grosourdya",0,0,0
"2","Guanchezia",0,0,0
"2","Guarianthe",0,0,0
"2","Gunnarella",0,0,0
"2","Gymnadenia",0,0,0
"2","Habenaria",0.018348623853211,0.00212992545260916,3.90812009653057e-05
"2","Hagsatera",0,0,0
"2","Halleorchis",0,0,0
"2","Hammarbya",0,0,0
"2","Hancockia",0,0,0
"2","Hapalorchis",0,0,0
"2","Helleriella",0,0,0
"2","Helonoma",0,0,0
"2","Hemipilia",0,0,0
"2","Herminium",0,0,0
"2","Herpysma",0,0,0
"2","Hetaeria",0,0,0
"2","Himantoglossum",0,0,0
"2","Hintonella",0,0,0
"2","Hoehneella",0,0,0
"2","Hofmeisterella",0,0,0
"2","Holcoglossum",0,0,0
"2","Holothrix",0,0,0
"2","Homalopetalum",0,0,0
"2","Horichia",0,0,0
"2","Horvatia",0,0,0
"2","Houlletia",0,0,0
"2","Hsenhsua",0,0,0
"2","Huntleya",0,0,0
"2","Huttonaea",0,0,0
"2","Hylophila",0,0,0
"2","Hymenorchis",0,0,0
"2","Ida",0,0,0
"2","Imerinaea",0,0,0
"2","Ionopsis",0,0,0
"2","Isabelia",0,0,0
"2","Isochilus",0,0,0
"2","Isotria",0,0,0
"2","Ixyophora",0,0,0
"2","Jacquiniella",0,0,0
"2","Jejewoodia",0,0,0
"2","Jumellea",0,0,0
"2","Kefersteinia",0,0,0
"2","Kegeliella",0,0,0
"2","Kionophyton",0,0,0
"2","Koellensteinia",0,0,0
"2","Kylicanthe",0,0,0
"2","Lacaena",0,0,0
"2","Laelia",0,0,0
"2","Lankesterella",0,0,0
"2","Lankesteriana",0,0,0
"2","Lecanorchis",0,0,0
"2","Lemurella",0,0,0
"2","Lemurorchis",0,0,0
"2","Leochilus",0,0,0
"2","Lepanthes",0,0,0
"2","Lepanthopsis",0,0,0
"2","Lepidogyne",0,0,0
"2","Leporella",0.201834862385321,1,0.201834862385321
"2","Leptoceras",0.26605504587156,1,0.26605504587156
"2","Leptotes",0,0,0
"2","Limodorum",0,0,0
"2","Liparis",0.091743119266055,0.0125944584382872,0.00115545490259515
"2","Listrostachys",0,0,0
"2","Lockhartia",0,0,0
"2","Loefgrenianthus",0,0,0
"2","Ludisia",0,0,0
"2","Lueckelia",0,0,0
"2","Lueddemannia",0,0,0
"2","Luisia",0,0,0
"2","Lycaste",0,0,0
"2","Lycomormium",0,0,0
"2","Lyperanthus",0.321100917431193,1,0.321100917431193
"2","Lyroglossa",0,0,0
"2","Macodes",0,0,0
"2","Macradenia",0,0,0
"2","Macroclinium",0,0,0
"2","Macropodanthus",0,0,0
"2","Madisonia",0,0,0
"2","Malaxis",0,0,0
"2","Manniella",0,0,0
"2","Masdevallia",0,0,0
"2","Maxillaria",0,0,0
"2","Mediocalcar",0,0,0
"2","Megalorchis",0,0,0
"2","Megastylis",0,0,0
"2","Meiracyllium",0,0,0
"2","Mengzia",0,0,0
"2","Mesadenella",0,0,0
"2","Mesadenus",0,0,0
"2","Mexipedium",0,0,0
"2","Microchilus",0,0,0
"2","Microcoelia",0,0,0
"2","Microepidendrum",0,0,0
"2","Micropera",0,0,0
"2","Microsaccus",0,0,0
"2","Microthelys",0,0,0
"2","Microtis",0.825688073394495,0.725806451612903,0.599289730689553
"2","Miltonia",0,0,0
"2","Miltoniopsis",0,0,0
"2","Mobilabium",0.0091743119266055,0.2,0.0018348623853211
"2","Monophyllorchis",0,0,0
"2","Mormodes",0,0,0
"2","Mycaranthes",0,0,0
"2","Myoxanthus",0,0,0
"2","Myrmecophila",0,0,0
"2","Myrosmodes",0,0,0
"2","Mystacidium",0,0,0
"2","Nemaconia",0,0,0
"2","Neobathiea",0,0,0
"2","Neobolusia",0,0,0
"2","Neocogniauxia",0,0,0
"2","Neogardneria",0,0,0
"2","Neomoorea",0,0,0
"2","Neotinea",0,0,0
"2","Neottia",0,0,0
"2","Nephelaphyllum",0,0,0
"2","Nephrangis",0,0,0
"2","Nervilia",0,0,0
"2","Neuwiedia",0,0,0
"2","Nidema",0,0,0
"2","Nohawilliamsia",0,0,0
"2","Nothostele",0,0,0
"2","Notylia",0,0,0
"2","Notyliopsis",0,0,0
"2","Oberonia",0.0825688073394495,0.0382978723404255,0.00316220964278743
"2","Oberonioides",0,0,0
"2","Octarrhena",0,0,0
"2","Octomeria",0,0,0
"2","Odontochilus",0,0,0
"2","Odontoglossum",0,0,0
"2","Odontorrhynchus",0,0,0
"2","Oeonia",0,0,0
"2","Oeoniella",0,0,0
"2","Oestlundia",0,0,0
"2","Oligophyton",0,0,0
"2","Oliveriana",0,0,0
"2","Oncidium",0,0,0
"2","Ophidion",0,0,0
"2","Ophioglossella",0,0,0
"2","Ophrys",0,0,0
"2","Orchipedum",0,0,0
"2","Orchis",0,0,0
"2","Oreorchis",0,0,0
"2","Orestias",0,0,0
"2","Orleanesia",0,0,0
"2","Ornithocephalus",0,0,0
"2","Orthoceras",0.376146788990826,0.953488372093023,0.35865158950288
"2","Otoglossum",0,0,0
"2","Otostylis",0,0,0
"2","Oxystophyllum",0,0,0
"2","Pabstia",0,0,0
"2","Pabstiella",0,0,0
"2","Pachites",0,0,0
"2","Pachyplectron",0,0,0
"2","Pachystoma",0,0,0
"2","Palmorchis",0,0,0
"2","Paphinia",0,0,0
"2","Paphiopedilum",0,0,0
"2","Papilionanthe",0,0,0
"2","Papuaea",0,0,0
"2","Paracaleana",0.0091743119266055,1,0.0091743119266055
"2","Paradisanthus",0,0,0
"2","Pecteilis",0,0,0
"2","Pelatantheria",0,0,0
"2","Pelexia",0,0,0
"2","Pendusalpinx",0,0,0
"2","Pennilabium",0,0,0
"2","Peristeranthus",0.0458715596330275,0.555555555555556,0.0254841997961264
"2","Peristeria",0,0,0
"2","Peristylus",0,0,0
"2","Pescatoria",0,0,0
"2","Phalaenopsis",0.0091743119266055,0.00884955752212389,8.11886011204027e-05
"2","Pheladenia",0.422018348623853,1,0.422018348623853
"2","Phloeophila",0,0,0
"2","Phragmipedium",0,0,0
"2","Phreatia",0,0,0
"2","Phymatidium",0,0,0
"2","Physogyne",0,0,0
"2","Pilophyllum",0,0,0
"2","Pinalia",0,0,0
"2","Platanthera",0,0,0
"2","Platycoryne",0,0,0
"2","Platyrhiza",0,0,0
"2","Platystele",0,0,0
"2","Plectorrhiza",0.110091743119266,0.521739130434783,0.0574391703230953
"2","Plectrelminthus",0,0,0
"2","Plectrophora",0,0,0
"2","Pleione",0,0,0
"2","Pleurothallis",0,0,0
"2","Pleurothallopsis",0,0,0
"2","Plocoglottis",0,0,0
"2","Poaephyllum",0,0,0
"2","Podangis",0,0,0
"2","Podochilus",0,0,0
"2","Pogonia",0,0,0
"2","Pogoniopsis",0,0,0
"2","Polycycnis",0,0,0
"2","Polyotidium",0,0,0
"2","Polystachya",0,0,0
"2","Pomatocalpa",0.0091743119266055,0.0135135135135135,0.000123977188197372
"2","Ponera",0,0,0
"2","Ponthieva",0,0,0
"2","Porpax",0,0,0
"2","Porphyrostachys",0,0,0
"2","Porroglossum",0,0,0
"2","Porrorhachis",0,0,0
"2","Praecoxanthus",0.0642201834862385,1,0.0642201834862385
"2","Prasophyllum",0.825688073394495,1,0.825688073394495
"2","Prescottia",0,0,0
"2","Promenaea",0,0,0
"2","Prosthechea",0,0,0
"2","Pseuderia",0,0,0
"2","Pseudocentrum",0,0,0
"2","Pseudogoodyera",0,0,0
"2","Pseudolaelia",0,0,0
"2","Pseudorchis",0,0,0
"2","Pseudovanilla",0.0458715596330275,0.294117647058824,0.0134916351861846
"2","Psilochilus",0,0,0
"2","Psychilis",0,0,0
"2","Psychopsiella",0,0,0
"2","Psychopsis",0,0,0
"2","Pterichis",0,0,0
"2","Pteroceras",0,0,0
"2","Pteroglossa",0,0,0
"2","Pterostemma",0,0,0
"2","Pterostylis",0.954128440366973,0.806201550387597,0.769219827892753
"2","Pterygodium",0,0,0
"2","Pupulinia",0,0,0
"2","Pygmaeorchis",0,0,0
"2","Pyrorchis",0.376146788990826,1,0.376146788990826
"2","Quechua",0,0,0
"2","Quekettia",0,0,0
"2","Quisqueya",0,0,0
"2","Rangaeris",0,0,0
"2","Rauhiella",0,0,0
"2","Renanthera",0,0,0
"2","Restrepia",0,0,0
"2","Restrepiella",0,0,0
"2","Rhinerrhiza",0.0642201834862385,0.777777777777778,0.0499490316004077
"2","Rhipidoglossum",0,0,0
"2","Rhizanthella",0.091743119266055,1,0.091743119266055
"2","Rhomboda",0,0,0
"2","Rhynchogyna",0,0,0
"2","Rhyncholaelia",0,0,0
"2","Rhynchostele",0,0,0
"2","Rhynchostylis",0,0,0
"2","Ridleyella",0,0,0
"2","Rimacola",0.018348623853211,1,0.018348623853211
"2","Risleya",0,0,0
"2","Robiquetia",0.0091743119266055,0.0114942528735632,0.000105451861225351
"2","Rodriguezia",0,0,0
"2","Roeperocharis",0,0,0
"2","Rossioglossum",0,0,0
"2","Rudolfiella",0,0,0
"2","Saccolabiopsis",0.018348623853211,0.125,0.00229357798165138
"2","Saccolabium",0,0,0
"2","Sacoila",0,0,0
"2","Sanderella",0,0,0
"2","Sarcanthopsis",0,0,0
"2","Sarcochilus",0.229357798165138,0.595238095238095,0.13652249890782
"2","Sarcoglottis",0,0,0
"2","Sarcoglyphis",0,0,0
"2","Satyrium",0,0,0
"2","Saundersia",0,0,0
"2","Sauroglossum",0,0,0
"2","Scaphosepalum",0,0,0
"2","Scaphyglottis",0,0,0
"2","Schiedeella",0,0,0
"2","Schizochilus",0,0,0
"2","Schlimia",0,0,0
"2","Schoenorchis",0,0,0
"2","Scuticaria",0,0,0
"2","Seidenfadenia",0,0,0
"2","Selenipedium",0,0,0
"2","Serapias",0,0,0
"2","Sertifera",0,0,0
"2","Sievekingia",0,0,0
"2","Sirhookera",0,0,0
"2","Sirindhornia",0,0,0
"2","Skeptrostachys",0,0,0
"2","Smitinandia",0,0,0
"2","Sobennikoffia",0,0,0
"2","Sobralia",0,0,0
"2","Solenangis",0,0,0
"2","Solenidium",0,0,0
"2","Solenocentrum",0,0,0
"2","Soterosanthus",0,0,0
"2","Sotoa",0,0,0
"2","Spathoglottis",0.0091743119266055,0.00602409638554217,5.52669393169006e-05
"2","Specklinia",0,0,0
"2","Sphyrarhynchus",0,0,0
"2","Spiculaea",0.119266055045872,1,0.119266055045872
"2","Spiranthes",0.36697247706422,0.0506329113924051,0.0185808849146441
"2","Stanhopea",0,0,0
"2","Stelis",0,0,0
"2","Stellamaris",0,0,0
"2","Stenia",0,0,0
"2","Stenoglottis",0,0,0
"2","Stenoptera",0,0,0
"2","Stenorrhynchos",0,0,0
"2","Stenotyla",0,0,0
"2","Stereochilus",0,0,0
"2","Stereosandra",0,0,0
"2","Steveniella",0,0,0
"2","Stichorkis",0,0,0
"2","Stigmatodactylus",0.055045871559633,0.2,0.0110091743119266
"2","Strongyleria",0,0,0
"2","Suarezia",0,0,0
"2","Summerhayesia",0,0,0
"2","Svenkoeltzia",0,0,0
"2","Systeloglossum",0,0,0
"2","Taeniophyllum",0.0458715596330275,0.0549450549450549,0.00252041536445206
"2","Tainia",0,0,0
"2","Tamayorkis",0,0,0
"2","Taprobanea",0,0,0
"2","Teagueia",0,0,0
"2","Telipogon",0,0,0
"2","Tetramicra",0,0,0
"2","Teuscheria",0,0,0
"2","Thaia",0,0,0
"2","Thecopus",0,0,0
"2","Thecostele",0,0,0
"2","Thelasis",0,0,0
"2","Thelymitra",0.825688073394495,0.769230769230769,0.63514467184192
"2","Thelyschista",0,0,0
"2","Thrixspermum",0,0,0
"2","Thulinia",0,0,0
"2","Thunia",0,0,0
"2","Thysanoglossa",0,0,0
"2","Tipularia",0,0,0
"2","Tolumnia",0,0,0
"2","Townsonia",0.100917431192661,0.785714285714286,0.0792922673656619
"2","Trachoma",0,0,0
"2","Traunsteinera",0,0,0
"2","Trevoria",0,0,0
"2","Triceratorhynchus",0,0,0
"2","Trichocentrum",0,0,0
"2","Trichoceros",0,0,0
"2","Trichoglottis",0,0,0
"2","Trichopilia",0,0,0
"2","Trichosalpinx",0,0,0
"2","Trichotosia",0,0,0
"2","Tridactyle",0,0,0
"2","Triphora",0,0,0
"2","Trisetella",0,0,0
"2","Trizeuxis",0,0,0
"2","Tropidia",0,0,0
"2","Tsaiorchis",0,0,0
"2","Tuberolabium",0,0,0
"2","Tylostigma",0,0,0
"2","Uleiorchis",0,0,0
"2","Uncifera",0,0,0
"2","Vanda",0,0,0
"2","Vandopsis",0,0,0
"2","Vanilla",0,0,0
"2","Vargasiella",0,0,0
"2","Vasqueziella",0,0,0
"2","Veyretella",0,0,0
"2","Veyretia",0,0,0
"2","Vitekorchis",0,0,0
"2","Vrydagzynea",0,0,0
"2","Waireia",0.110091743119266,1,0.110091743119266
"2","Warczewiczella",0,0,0
"2","Warmingia",0,0,0
"2","Warrea",0,0,0
"2","Warreella",0,0,0
"2","Warreopsis",0,0,0
"2","Wullschlaegelia",0,0,0
"2","Xerorchis",0,0,0
"2","Xylobium",0,0,0
"2","Yoania",0,0,0
"2","Ypsilopus",0,0,0
"2","Zelenkoa",0,0,0
"2","Zeuxine",0.036697247706422,0.0236686390532544,0.000868573910211172
"2","Zootrophion",0,0,0
"2","Zygopetalum",0,0,0
"2","Zygosepalum",0,0,0
"2","Zygostates",0,0,0
"3","Acanthophippium",0,0,0
"3","Achlydosa",0,0,0
"3","Acianthera",0,0,0
"3","Acianthus",0,0,0
"3","Acineta",0,0,0
"3","Acriopsis",0,0,0
"3","Acrorchis",0,0,0
"3","Adenochilus",0,0,0
"3","Adenoncos",0,0,0
"3","Adrorhizon",0,0,0
"3","Aerangis",0,0,0
"3","Aeranthes",0,0,0
"3","Aerides",0,0,0
"3","Aeridostachya",0,0,0
"3","Aetheorhyncha",0,0,0
"3","Afropectinariella",0,0,0
"3","Aganisia",0,0,0
"3","Aglossorrhyncha",0,0,0
"3","Agrostophyllum",0,0,0
"3","Alamania",0,0,0
"3","Alatiliparis",0,0,0
"3","Altensteinia",0,0,0
"3","Ambrella",0,0,0
"3","Amoana",0,0,0
"3","Anacamptis",0,0,0
"3","Anathallis",0,0,0
"3","Ancistrochilus",0,0,0
"3","Ancistrorhynchus",0,0,0
"3","Andinia",0,0,0
"3","Andreettaea",0,0,0
"3","Angraecopsis",0,0,0
"3","Angraecum",0,0,0
"3","Anguloa",0,0,0
"3","Ania",0,0,0
"3","Anoectochilus",0,0,0
"3","Ansellia",0,0,0
"3","Anthogonium",0,0,0
"3","Aphyllorchis",0,0,0
"3","Aplectrum",0,0,0
"3","Aporostylis",0,0,0
"3","Apostasia",0,0,0
"3","Appendicula",0,0,0
"3","Aracamunia",0,0,0
"3","Arachnis",0,0,0
"3","Arethusa",0,0,0
"3","Arpophyllum",0,0,0
"3","Arthrochilus",0,0,0
"3","Artorima",0,0,0
"3","Arundina",0,0,0
"3","Aspasia",0,0,0
"3","Aulosepalum",0,0,0
"3","Auxopus",0,0,0
"3","Bambuseria",0,0,0
"3","Barbosella",0,0,0
"3","Barkeria",0,0,0
"3","Baskervilla",0,0,0
"3","Batemannia",0,0,0
"3","Beclardia",0,0,0
"3","Beloglottis",0,0,0
"3","Benthamia",0,0,0
"3","Benzingia",0,0,0
"3","Biermannia",0,0,0
"3","Bifrenaria",0,0,0
"3","Bipinnula",0.1,0.0714285714285714,0.00714285714285714
"3","Bletia",0,0,0
"3","Bletilla",0,0,0
"3","Bogoria",0,0,0
"3","Bolusiella",0,0,0
"3","Bonatea",0,0,0
"3","Brachionidium",0,0,0
"3","Brachycorythis",0,0,0
"3","Brachypeza",0,0,0
"3","Brachystele",0.1,0.0196078431372549,0.00196078431372549
"3","Braemia",0,0,0
"3","Brassavola",0,0,0
"3","Brassia",0,0,0
"3","Bromheadia",0,0,0
"3","Broughtonia",0,0,0
"3","Brownleea",0,0,0
"3","Bryobium",0,0,0
"3","Buchtienia",0,0,0
"3","Bulbophyllum",0,0,0
"3","Burnettia",0,0,0
"3","Caladenia",0,0,0
"3","Calanthe",0,0,0
"3","Caleana",0,0,0
"3","Callostylis",0,0,0
"3","Calochilus",0,0,0
"3","Calopogon",0,0,0
"3","Caluera",0,0,0
"3","Calymmanthera",0,0,0
"3","Calypso",0,0,0
"3","Calyptrochilum",0,0,0
"3","Campanulorchis",0,0,0
"3","Campylocentrum",0,0,0
"3","Capanemia",0,0,0
"3","Cardiochilos",0,0,0
"3","Catasetum",0,0,0
"3","Cattleya",0,0,0
"3","Caucaea",0,0,0
"3","Caularthron",0,0,0
"3","Centrostigma",0,0,0
"3","Cephalanthera",0,0,0
"3","Ceratandra",0,0,0
"3","Ceratostylis",0,0,0
"3","Chamaeanthus",0,0,0
"3","Chamaegastrodia",0,0,0
"3","Chamelophyton",0,0,0
"3","Chamorchis",0,0,0
"3","Changnienia",0,0,0
"3","Chaubardia",0,0,0
"3","Chaubardiella",0,0,0
"3","Cheiradenia",0,0,0
"3","Cheirostylis",0,0,0
"3","Chiloglottis",0,0,0
"3","Chiloschista",0,0,0
"3","Chloraea",1,0.263157894736842,0.263157894736842
"3","Chondrorhyncha",0,0,0
"3","Chondroscaphe",0,0,0
"3","Chroniochilus",0,0,0
"3","Chrysoglossum",0,0,0
"3","Chysis",0,0,0
"3","Chytroglossa",0,0,0
"3","Cirrhaea",0,0,0
"3","Cischweinfia",0,0,0
"3","Claderia",0,0,0
"3","Cleisocentron",0,0,0
"3","Cleisomeria",0,0,0
"3","Cleisostoma",0,0,0
"3","Cleisostomopsis",0,0,0
"3","Cleistes",0,0,0
"3","Cleistesiopsis",0,0,0
"3","Clematepistephium",0,0,0
"3","Clowesia",0,0,0
"3","Coccineorchis",0,0,0
"3","Cochleanthes",0,0,0
"3","Codonorchis",1,0.909090909090909,0.909090909090909
"3","Coelia",0,0,0
"3","Coeliopsis",0,0,0
"3","Coelogyne",0,0,0
"3","Coenoemersa",0,0,0
"3","Coilochilus",0,0,0
"3","Collabium",0,0,0
"3","Comparettia",0,0,0
"3","Constantia",0,0,0
"3","Cooktownia",0,0,0
"3","Corallorhiza",0,0,0
"3","Coryanthes",0,0,0
"3","Corybas",0,0,0
"3","Corycium",0,0,0
"3","Corymborkis",0,0,0
"3","Cottonia",0,0,0
"3","Cotylolabium",0,0,0
"3","Cranichis",0,0,0
"3","Cremastra",0,0,0
"3","Crepidium",0,0,0
"3","Crossoglossa",0,0,0
"3","Crossoliparis",0,0,0
"3","Cryptarrhena",0,0,0
"3","Cryptochilus",0,0,0
"3","Cryptopus",0,0,0
"3","Cryptostylis",0,0,0
"3","Cuitlauzina",0,0,0
"3","Cyanaeorchis",0,0,0
"3","Cybebus",0,0,0
"3","Cyclopogon",0,0,0
"3","Cycnoches",0,0,0
"3","Cylindrolobus",0,0,0
"3","Cymbidium",0,0,0
"3","Cymbilabia",0,0,0
"3","Cymboglossum",0,0,0
"3","Cynorkis",0,0,0
"3","Cypripedium",0,0,0
"3","Cyrtochiloides",0,0,0
"3","Cyrtochilum",0,0,0
"3","Cyrtopodium",0,0,0
"3","Cyrtorchis",0,0,0
"3","Cyrtosia",0,0,0
"3","Cyrtostylis",0,0,0
"3","Cystorchis",0,0,0
"3","Dactylorhiza",0,0,0
"3","Dactylostalix",0,0,0
"3","Daiotyla",0,0,0
"3","Danhatchia",0,0,0
"3","Degranvillea",0,0,0
"3","Deiregyne",0,0,0
"3","Dendrobium",0,0,0
"3","Dendrolirium",0,0,0
"3","Dendrophylax",0,0,0
"3","Devogelia",0,0,0
"3","Diaphananthe",0,0,0
"3","Diceratostele",0,0,0
"3","Dichaea",0,0,0
"3","Dichromanthus",0,0,0
"3","Didymoplexiella",0,0,0
"3","Didymoplexis",0,0,0
"3","Dienia",0,0,0
"3","Diglyphosa",0,0,0
"3","Dilochia",0,0,0
"3","Dilochiopsis",0,0,0
"3","Dilomilis",0,0,0
"3","Dimerandra",0,0,0
"3","Dimorphorchis",0,0,0
"3","Dinema",0,0,0
"3","Dinklageella",0,0,0
"3","Diodonopsis",0,0,0
"3","Diplocentrum",0,0,0
"3","Diplomeris",0,0,0
"3","Diploprora",0,0,0
"3","Dipodium",0,0,0
"3","Disa",0,0,0
"3","Discyphus",0,0,0
"3","Disperis",0,0,0
"3","Diuris",0,0,0
"3","Domingoa",0,0,0
"3","Dossinia",0,0,0
"3","Dracomonticola",0,0,0
"3","Draconanthes",0,0,0
"3","Dracula",0,0,0
"3","Drakaea",0,0,0
"3","Dresslerella",0,0,0
"3","Dressleria",0,0,0
"3","Dryadella",0,0,0
"3","Dryadorchis",0,0,0
"3","Drymoanthus",0,0,0
"3","Duckeella",0,0,0
"3","Dunstervillea",0,0,0
"3","Dyakia",0,0,0
"3","Earina",0,0,0
"3","Echinorhyncha",0,0,0
"3","Echinosepala",0,0,0
"3","Eggelingia",0,0,0
"3","Eleorchis",0,0,0
"3","Elleanthus",0,0,0
"3","Eloyella",0,0,0
"3","Eltroplectris",0,0,0
"3","Embreea",0,0,0
"3","Encyclia",0,0,0
"3","Ephippianthus",0,0,0
"3","Epiblastus",0,0,0
"3","Epiblema",0,0,0
"3","Epidendrum",0,0,0
"3","Epipactis",0,0,0
"3","Epipogium",0,0,0
"3","Epistephium",0,0,0
"3","Erasanthe",0,0,0
"3","Eria",0,0,0
"3","Eriaxis",0,0,0
"3","Eriochilus",0,0,0
"3","Eriodes",0,0,0
"3","Eriopsis",0,0,0
"3","Erycina",0,0,0
"3","Erythrodes",0,0,0
"3","Erythrorchis",0,0,0
"3","Espinhassoa",0,0,0
"3","Eulophia",0,0,0
"3","Euryblema",0,0,0
"3","Eurycentrum",0,0,0
"3","Eurychone",0,0,0
"3","Eurystyles",0,0,0
"3","Evotella",0,0,0
"3","Fernandezia",0,0,0
"3","Frondaria",0,0,0
"3","Fuertesiella",0,0,0
"3","Funkiella",0,0,0
"3","Galeandra",0,0,0
"3","Galearis",0,0,0
"3","Galeoglossum",0,0,0
"3","Galeola",0,0,0
"3","Galeottia",0,0,0
"3","Galeottiella",0,0,0
"3","Gastrochilus",0,0,0
"3","Gastrodia",0,0,0
"3","Gavilea",1,0.833333333333333,0.833333333333333
"3","Gennaria",0,0,0
"3","Genoplesium",0,0,0
"3","Glomera",0,0,0
"3","Gomesa",0,0,0
"3","Gomphichis",0,0,0
"3","Gonatostylis",0,0,0
"3","Gongora",0,0,0
"3","Goodyera",0,0,0
"3","Govenia",0,0,0
"3","Grammangis",0,0,0
"3","Grammatophyllum",0,0,0
"3","Grandiphyllum",0,0,0
"3","Graphorkis",0,0,0
"3","Gravendeelia",0,0,0
"3","Greenwoodiella",0,0,0
"3","Grobya",0,0,0
"3","Grosourdya",0,0,0
"3","Guanchezia",0,0,0
"3","Guarianthe",0,0,0
"3","Gunnarella",0,0,0
"3","Gymnadenia",0,0,0
"3","Habenaria",0.5,0.0053248136315229,0.00266240681576145
"3","Hagsatera",0,0,0
"3","Halleorchis",0,0,0
"3","Hammarbya",0,0,0
"3","Hancockia",0,0,0
"3","Hapalorchis",0,0,0
"3","Helleriella",0,0,0
"3","Helonoma",0,0,0
"3","Hemipilia",0,0,0
"3","Herminium",0,0,0
"3","Herpysma",0,0,0
"3","Hetaeria",0,0,0
"3","Himantoglossum",0,0,0
"3","Hintonella",0,0,0
"3","Hoehneella",0,0,0
"3","Hofmeisterella",0,0,0
"3","Holcoglossum",0,0,0
"3","Holothrix",0,0,0
"3","Homalopetalum",0,0,0
"3","Horichia",0,0,0
"3","Horvatia",0,0,0
"3","Houlletia",0,0,0
"3","Hsenhsua",0,0,0
"3","Huntleya",0,0,0
"3","Huttonaea",0,0,0
"3","Hylophila",0,0,0
"3","Hymenorchis",0,0,0
"3","Ida",0,0,0
"3","Imerinaea",0,0,0
"3","Ionopsis",0,0,0
"3","Isabelia",0,0,0
"3","Isochilus",0,0,0
"3","Isotria",0,0,0
"3","Ixyophora",0,0,0
"3","Jacquiniella",0,0,0
"3","Jejewoodia",0,0,0
"3","Jumellea",0,0,0
"3","Kefersteinia",0,0,0
"3","Kegeliella",0,0,0
"3","Kionophyton",0,0,0
"3","Koellensteinia",0,0,0
"3","Kylicanthe",0,0,0
"3","Lacaena",0,0,0
"3","Laelia",0,0,0
"3","Lankesterella",0,0,0
"3","Lankesteriana",0,0,0
"3","Lecanorchis",0,0,0
"3","Lemurella",0,0,0
"3","Lemurorchis",0,0,0
"3","Leochilus",0,0,0
"3","Lepanthes",0,0,0
"3","Lepanthopsis",0,0,0
"3","Lepidogyne",0,0,0
"3","Leporella",0,0,0
"3","Leptoceras",0,0,0
"3","Leptotes",0,0,0
"3","Limodorum",0,0,0
"3","Liparis",0,0,0
"3","Listrostachys",0,0,0
"3","Lockhartia",0,0,0
"3","Loefgrenianthus",0,0,0
"3","Ludisia",0,0,0
"3","Lueckelia",0,0,0
"3","Lueddemannia",0,0,0
"3","Luisia",0,0,0
"3","Lycaste",0,0,0
"3","Lycomormium",0,0,0
"3","Lyperanthus",0,0,0
"3","Lyroglossa",0,0,0
"3","Macodes",0,0,0
"3","Macradenia",0,0,0
"3","Macroclinium",0,0,0
"3","Macropodanthus",0,0,0
"3","Madisonia",0,0,0
"3","Malaxis",0,0,0
"3","Manniella",0,0,0
"3","Masdevallia",0,0,0
"3","Maxillaria",0,0,0
"3","Mediocalcar",0,0,0
"3","Megalorchis",0,0,0
"3","Megastylis",0,0,0
"3","Meiracyllium",0,0,0
"3","Mengzia",0,0,0
"3","Mesadenella",0,0,0
"3","Mesadenus",0,0,0
"3","Mexipedium",0,0,0
"3","Microchilus",0,0,0
"3","Microcoelia",0,0,0
"3","Microepidendrum",0,0,0
"3","Micropera",0,0,0
"3","Microsaccus",0,0,0
"3","Microthelys",0,0,0
"3","Microtis",0,0,0
"3","Miltonia",0,0,0
"3","Miltoniopsis",0,0,0
"3","Mobilabium",0,0,0
"3","Monophyllorchis",0,0,0
"3","Mormodes",0,0,0
"3","Mycaranthes",0,0,0
"3","Myoxanthus",0,0,0
"3","Myrmecophila",0,0,0
"3","Myrosmodes",0,0,0
"3","Mystacidium",0,0,0
"3","Nemaconia",0,0,0
"3","Neobathiea",0,0,0
"3","Neobolusia",0,0,0
"3","Neocogniauxia",0,0,0
"3","Neogardneria",0,0,0
"3","Neomoorea",0,0,0
"3","Neotinea",0,0,0
"3","Neottia",0,0,0
"3","Nephelaphyllum",0,0,0
"3","Nephrangis",0,0,0
"3","Nervilia",0,0,0
"3","Neuwiedia",0,0,0
"3","Nidema",0,0,0
"3","Nohawilliamsia",0,0,0
"3","Nothostele",0,0,0
"3","Notylia",0,0,0
"3","Notyliopsis",0,0,0
"3","Oberonia",0,0,0
"3","Oberonioides",0,0,0
"3","Octarrhena",0,0,0
"3","Octomeria",0,0,0
"3","Odontochilus",0,0,0
"3","Odontoglossum",0,0,0
"3","Odontorrhynchus",0,0,0
"3","Oeonia",0,0,0
"3","Oeoniella",0,0,0
"3","Oestlundia",0,0,0
"3","Oligophyton",0,0,0
"3","Oliveriana",0,0,0
"3","Oncidium",0,0,0
"3","Ophidion",0,0,0
"3","Ophioglossella",0,0,0
"3","Ophrys",0,0,0
"3","Orchipedum",0,0,0
"3","Orchis",0,0,0
"3","Oreorchis",0,0,0
"3","Orestias",0,0,0
"3","Orleanesia",0,0,0
"3","Ornithocephalus",0,0,0
"3","Orthoceras",0,0,0
"3","Otoglossum",0,0,0
"3","Otostylis",0,0,0
"3","Oxystophyllum",0,0,0
"3","Pabstia",0,0,0
"3","Pabstiella",0,0,0
"3","Pachites",0,0,0
"3","Pachyplectron",0,0,0
"3","Pachystoma",0,0,0
"3","Palmorchis",0,0,0
"3","Paphinia",0,0,0
"3","Paphiopedilum",0,0,0
"3","Papilionanthe",0,0,0
"3","Papuaea",0,0,0
"3","Paracaleana",0,0,0
"3","Paradisanthus",0,0,0
"3","Pecteilis",0,0,0
"3","Pelatantheria",0,0,0
"3","Pelexia",0,0,0
"3","Pendusalpinx",0,0,0
"3","Pennilabium",0,0,0
"3","Peristeranthus",0,0,0
"3","Peristeria",0,0,0
"3","Peristylus",0,0,0
"3","Pescatoria",0,0,0
"3","Phalaenopsis",0,0,0
"3","Pheladenia",0,0,0
"3","Phloeophila",0,0,0
"3","Phragmipedium",0,0,0
"3","Phreatia",0,0,0
"3","Phymatidium",0,0,0
"3","Physogyne",0,0,0
"3","Pilophyllum",0,0,0
"3","Pinalia",0,0,0
"3","Platanthera",0,0,0
"3","Platycoryne",0,0,0
"3","Platyrhiza",0,0,0
"3","Platystele",0,0,0
"3","Plectorrhiza",0,0,0
"3","Plectrelminthus",0,0,0
"3","Plectrophora",0,0,0
"3","Pleione",0,0,0
"3","Pleurothallis",0,0,0
"3","Pleurothallopsis",0,0,0
"3","Plocoglottis",0,0,0
"3","Poaephyllum",0,0,0
"3","Podangis",0,0,0
"3","Podochilus",0,0,0
"3","Pogonia",0,0,0
"3","Pogoniopsis",0,0,0
"3","Polycycnis",0,0,0
"3","Polyotidium",0,0,0
"3","Polystachya",0,0,0
"3","Pomatocalpa",0,0,0
"3","Ponera",0,0,0
"3","Ponthieva",0,0,0
"3","Porpax",0,0,0
"3","Porphyrostachys",0,0,0
"3","Porroglossum",0,0,0
"3","Porrorhachis",0,0,0
"3","Praecoxanthus",0,0,0
"3","Prasophyllum",0,0,0
"3","Prescottia",0,0,0
"3","Promenaea",0,0,0
"3","Prosthechea",0,0,0
"3","Pseuderia",0,0,0
"3","Pseudocentrum",0,0,0
"3","Pseudogoodyera",0,0,0
"3","Pseudolaelia",0,0,0
"3","Pseudorchis",0,0,0
"3","Pseudovanilla",0,0,0
"3","Psilochilus",0,0,0
"3","Psychilis",0,0,0
"3","Psychopsiella",0,0,0
"3","Psychopsis",0,0,0
"3","Pterichis",0,0,0
"3","Pteroceras",0,0,0
"3","Pteroglossa",0,0,0
"3","Pterostemma",0,0,0
"3","Pterostylis",0,0,0
"3","Pterygodium",0,0,0
"3","Pupulinia",0,0,0
"3","Pygmaeorchis",0,0,0
"3","Pyrorchis",0,0,0
"3","Quechua",0,0,0
"3","Quekettia",0,0,0
"3","Quisqueya",0,0,0
"3","Rangaeris",0,0,0
"3","Rauhiella",0,0,0
"3","Renanthera",0,0,0
"3","Restrepia",0,0,0
"3","Restrepiella",0,0,0
"3","Rhinerrhiza",0,0,0
"3","Rhipidoglossum",0,0,0
"3","Rhizanthella",0,0,0
"3","Rhomboda",0,0,0
"3","Rhynchogyna",0,0,0
"3","Rhyncholaelia",0,0,0
"3","Rhynchostele",0,0,0
"3","Rhynchostylis",0,0,0
"3","Ridleyella",0,0,0
"3","Rimacola",0,0,0
"3","Risleya",0,0,0
"3","Robiquetia",0,0,0
"3","Rodriguezia",0,0,0
"3","Roeperocharis",0,0,0
"3","Rossioglossum",0,0,0
"3","Rudolfiella",0,0,0
"3","Saccolabiopsis",0,0,0
"3","Saccolabium",0,0,0
"3","Sacoila",0,0,0
"3","Sanderella",0,0,0
"3","Sarcanthopsis",0,0,0
"3","Sarcochilus",0,0,0
"3","Sarcoglottis",0,0,0
"3","Sarcoglyphis",0,0,0
"3","Satyrium",0,0,0
"3","Saundersia",0,0,0
"3","Sauroglossum",0,0,0
"3","Scaphosepalum",0,0,0
"3","Scaphyglottis",0,0,0
"3","Schiedeella",0,0,0
"3","Schizochilus",0,0,0
"3","Schlimia",0,0,0
"3","Schoenorchis",0,0,0
"3","Scuticaria",0,0,0
"3","Seidenfadenia",0,0,0
"3","Selenipedium",0,0,0
"3","Serapias",0,0,0
"3","Sertifera",0,0,0
"3","Sievekingia",0,0,0
"3","Sirhookera",0,0,0
"3","Sirindhornia",0,0,0
"3","Skeptrostachys",0,0,0
"3","Smitinandia",0,0,0
"3","Sobennikoffia",0,0,0
"3","Sobralia",0,0,0
"3","Solenangis",0,0,0
"3","Solenidium",0,0,0
"3","Solenocentrum",0,0,0
"3","Soterosanthus",0,0,0
"3","Sotoa",0,0,0
"3","Spathoglottis",0,0,0
"3","Specklinia",0,0,0
"3","Sphyrarhynchus",0,0,0
"3","Spiculaea",0,0,0
"3","Spiranthes",0,0,0
"3","Stanhopea",0,0,0
"3","Stelis",0,0,0
"3","Stellamaris",0,0,0
"3","Stenia",0,0,0
"3","Stenoglottis",0,0,0
"3","Stenoptera",0,0,0
"3","Stenorrhynchos",0,0,0
"3","Stenotyla",0,0,0
"3","Stereochilus",0,0,0
"3","Stereosandra",0,0,0
"3","Steveniella",0,0,0
"3","Stichorkis",0,0,0
"3","Stigmatodactylus",0,0,0
"3","Strongyleria",0,0,0
"3","Suarezia",0,0,0
"3","Summerhayesia",0,0,0
"3","Svenkoeltzia",0,0,0
"3","Systeloglossum",0,0,0
"3","Taeniophyllum",0,0,0
"3","Tainia",0,0,0
"3","Tamayorkis",0,0,0
"3","Taprobanea",0,0,0
"3","Teagueia",0,0,0
"3","Telipogon",0,0,0
"3","Tetramicra",0,0,0
"3","Teuscheria",0,0,0
"3","Thaia",0,0,0
"3","Thecopus",0,0,0
"3","Thecostele",0,0,0
"3","Thelasis",0,0,0
"3","Thelymitra",0,0,0
"3","Thelyschista",0,0,0
"3","Thrixspermum",0,0,0
"3","Thulinia",0,0,0
"3","Thunia",0,0,0
"3","Thysanoglossa",0,0,0
"3","Tipularia",0,0,0
"3","Tolumnia",0,0,0
"3","Townsonia",0,0,0
"3","Trachoma",0,0,0
"3","Traunsteinera",0,0,0
"3","Trevoria",0,0,0
"3","Triceratorhynchus",0,0,0
"3","Trichocentrum",0,0,0
"3","Trichoceros",0,0,0
"3","Trichoglottis",0,0,0
"3","Trichopilia",0,0,0
"3","Trichosalpinx",0,0,0
"3","Trichotosia",0,0,0
"3","Tridactyle",0,0,0
"3","Triphora",0,0,0
"3","Trisetella",0,0,0
"3","Trizeuxis",0,0,0
"3","Tropidia",0,0,0
"3","Tsaiorchis",0,0,0
"3","Tuberolabium",0,0,0
"3","Tylostigma",0,0,0
"3","Uleiorchis",0,0,0
"3","Uncifera",0,0,0
"3","Vanda",0,0,0
"3","Vandopsis",0,0,0
"3","Vanilla",0,0,0
"3","Vargasiella",0,0,0
"3","Vasqueziella",0,0,0
"3","Veyretella",0,0,0
"3","Veyretia",0,0,0
"3","Vitekorchis",0,0,0
"3","Vrydagzynea",0,0,0
"3","Waireia",0,0,0
"3","Warczewiczella",0,0,0
"3","Warmingia",0,0,0
"3","Warrea",0,0,0
"3","Warreella",0,0,0
"3","Warreopsis",0,0,0
"3","Wullschlaegelia",0,0,0
"3","Xerorchis",0,0,0
"3","Xylobium",0,0,0
"3","Yoania",0,0,0
"3","Ypsilopus",0,0,0
"3","Zelenkoa",0,0,0
"3","Zeuxine",0,0,0
"3","Zootrophion",0,0,0
"3","Zygopetalum",0,0,0
"3","Zygosepalum",0,0,0
"3","Zygostates",0,0,0
"4","Acanthophippium",0,0,0
"4","Achlydosa",0,0,0
"4","Acianthera",0.505285412262156,1,0.505285412262156
"4","Acianthus",0,0,0
"4","Acineta",0.0507399577167019,1,0.0507399577167019
"4","Acriopsis",0,0,0
"4","Acrorchis",0.00845665961945032,1,0.00845665961945032
"4","Adenochilus",0,0,0
"4","Adenoncos",0,0,0
"4","Adrorhizon",0,0,0
"4","Aerangis",0,0,0
"4","Aeranthes",0,0,0
"4","Aerides",0,0,0
"4","Aeridostachya",0,0,0
"4","Aetheorhyncha",0.00211416490486258,1,0.00211416490486258
"4","Afropectinariella",0,0,0
"4","Aganisia",0.112050739957717,1,0.112050739957717
"4","Aglossorrhyncha",0,0,0
"4","Agrostophyllum",0,0,0
"4","Alamania",0.0274841437632135,1,0.0274841437632135
"4","Alatiliparis",0,0,0
"4","Altensteinia",0.0570824524312896,1,0.0570824524312896
"4","Ambrella",0,0,0
"4","Amoana",0.00211416490486258,1,0.00211416490486258
"4","Anacamptis",0,0,0
"4","Anathallis",0.283298097251586,1,0.283298097251586
"4","Ancistrochilus",0,0,0
"4","Ancistrorhynchus",0,0,0
"4","Andinia",0.0507399577167019,1,0.0507399577167019
"4","Andreettaea",0.143763213530655,1,0.143763213530655
"4","Angraecopsis",0,0,0
"4","Angraecum",0,0,0
"4","Anguloa",0.0169133192389006,1,0.0169133192389006
"4","Ania",0,0,0
"4","Anoectochilus",0,0,0
"4","Ansellia",0,0,0
"4","Anthogonium",0,0,0
"4","Aphyllorchis",0,0,0
"4","Aplectrum",0,0,0
"4","Aporostylis",0,0,0
"4","Apostasia",0,0,0
"4","Appendicula",0,0,0
"4","Aracamunia",0.00211416490486258,1,0.00211416490486258
"4","Arachnis",0,0,0
"4","Arethusa",0,0,0
"4","Arpophyllum",0.0676532769556025,1,0.0676532769556025
"4","Arthrochilus",0,0,0
"4","Artorima",0.0126849894291755,1,0.0126849894291755
"4","Arundina",0,0,0
"4","Aspasia",0.158562367864693,1,0.158562367864693
"4","Aulosepalum",0.0570824524312896,1,0.0570824524312896
"4","Auxopus",0,0,0
"4","Bambuseria",0,0,0
"4","Barbosella",0.150105708245243,1,0.150105708245243
"4","Barkeria",0.0739957716701903,1,0.0739957716701903
"4","Baskervilla",0.0718816067653277,1,0.0718816067653277
"4","Batemannia",0.0613107822410148,1,0.0613107822410148
"4","Beclardia",0,0,0
"4","Beloglottis",0.103594080338266,1,0.103594080338266
"4","Benthamia",0,0,0
"4","Benzingia",0.0211416490486258,1,0.0211416490486258
"4","Biermannia",0,0,0
"4","Bifrenaria",0.143763213530655,1,0.143763213530655
"4","Bipinnula",0.0274841437632135,0.928571428571429,0.0255209906372697
"4","Bletia",0.325581395348837,0.846153846153846,0.275491949910555
"4","Bletilla",0,0,0
"4","Bogoria",0,0,0
"4","Bolusiella",0,0,0
"4","Bonatea",0,0,0
"4","Brachionidium",0.0909090909090909,1,0.0909090909090909
"4","Brachycorythis",0,0,0
"4","Brachypeza",0,0,0
"4","Brachystele",0.105708245243129,0.980392156862745,0.103635534552087
"4","Braemia",0.0486257928118393,1,0.0486257928118393
"4","Brassavola",0.405919661733615,1,0.405919661733615
"4","Brassia",0.285412262156448,1,0.285412262156448
"4","Bromheadia",0,0,0
"4","Broughtonia",0.0274841437632135,1,0.0274841437632135
"4","Brownleea",0,0,0
"4","Bryobium",0,0,0
"4","Buchtienia",0.0422832980972516,1,0.0422832980972516
"4","Bulbophyllum",0.312896405919662,0.222556390977444,0.0696370948512931
"4","Burnettia",0,0,0
"4","Caladenia",0,0,0
"4","Calanthe",0.0507399577167019,0.0676056338028169,0.00343030700056576
"4","Caleana",0,0,0
"4","Callostylis",0,0,0
"4","Calochilus",0,0,0
"4","Calopogon",0.0126849894291755,0.0495867768595041,0.000629007740289693
"4","Caluera",0.00845665961945032,1,0.00845665961945032
"4","Calymmanthera",0,0,0
"4","Calypso",0,0,0
"4","Calyptrochilum",0,0,0
"4","Campanulorchis",0,0,0
"4","Campylocentrum",0.484143763213531,1,0.484143763213531
"4","Capanemia",0.0909090909090909,1,0.0909090909090909
"4","Cardiochilos",0,0,0
"4","Catasetum",0.59830866807611,1,0.59830866807611
"4","Cattleya",0.369978858350951,1,0.369978858350951
"4","Caucaea",0.0317124735729387,1,0.0317124735729387
"4","Caularthron",0.116279069767442,1,0.116279069767442
"4","Centrostigma",0,0,0
"4","Cephalanthera",0,0,0
"4","Ceratandra",0,0,0
"4","Ceratostylis",0,0,0
"4","Chamaeanthus",0,0,0
"4","Chamaegastrodia",0,0,0
"4","Chamelophyton",0.00211416490486258,1,0.00211416490486258
"4","Chamorchis",0,0,0
"4","Changnienia",0,0,0
"4","Chaubardia",0.0465116279069767,1,0.0465116279069767
"4","Chaubardiella",0.0147991543340381,1,0.0147991543340381
"4","Cheiradenia",0.0274841437632135,1,0.0274841437632135
"4","Cheirostylis",0,0,0
"4","Chiloglottis",0,0,0
"4","Chiloschista",0,0,0
"4","Chloraea",0.0591966173361522,0.736842105263158,0.0436185601424279
"4","Chondrorhyncha",0.00845665961945032,1,0.00845665961945032
"4","Chondroscaphe",0.0274841437632135,1,0.0274841437632135
"4","Chroniochilus",0,0,0
"4","Chrysoglossum",0,0,0
"4","Chysis",0.0422832980972516,1,0.0422832980972516
"4","Chytroglossa",0.00845665961945032,1,0.00845665961945032
"4","Cirrhaea",0.0317124735729387,1,0.0317124735729387
"4","Cischweinfia",0.0422832980972516,1,0.0422832980972516
"4","Claderia",0,0,0
"4","Cleisocentron",0,0,0
"4","Cleisomeria",0,0,0
"4","Cleisostoma",0,0,0
"4","Cleisostomopsis",0,0,0
"4","Cleistes",0.272727272727273,1,0.272727272727273
"4","Cleistesiopsis",0,0,0
"4","Clematepistephium",0,0,0
"4","Clowesia",0.0591966173361522,1,0.0591966173361522
"4","Coccineorchis",0.0422832980972516,1,0.0422832980972516
"4","Cochleanthes",0.0465116279069767,1,0.0465116279069767
"4","Codonorchis",0.00211416490486258,0.0909090909090909,0.000192196809532962
"4","Coelia",0.0507399577167019,1,0.0507399577167019
"4","Coeliopsis",0.00634249471458774,1,0.00634249471458774
"4","Coelogyne",0,0,0
"4","Coenoemersa",0.0634249471458774,0.909090909090909,0.0576590428598885
"4","Coilochilus",0,0,0
"4","Collabium",0,0,0
"4","Comparettia",0.171247357293869,1,0.171247357293869
"4","Constantia",0.0126849894291755,1,0.0126849894291755
"4","Cooktownia",0,0,0
"4","Corallorhiza",0.0761099365750529,0.0650994575045208,0.00495471558173943
"4","Coryanthes",0.101479915433404,1,0.101479915433404
"4","Corybas",0,0,0
"4","Corycium",0,0,0
"4","Corymborkis",0.147991543340381,0.32258064516129,0.047739207529155
"4","Cottonia",0,0,0
"4","Cotylolabium",0.00422832980972516,1,0.00422832980972516
"4","Cranichis",0.291754756871036,1,0.291754756871036
"4","Cremastra",0,0,0
"4","Crepidium",0,0,0
"4","Crossoglossa",0.0443974630021142,1,0.0443974630021142
"4","Crossoliparis",0.0126849894291755,1,0.0126849894291755
"4","Cryptarrhena",0.0972515856236787,1,0.0972515856236787
"4","Cryptochilus",0,0,0
"4","Cryptopus",0,0,0
"4","Cryptostylis",0,0,0
"4","Cuitlauzina",0.0465116279069767,1,0.0465116279069767
"4","Cyanaeorchis",0.0507399577167019,1,0.0507399577167019
"4","Cybebus",0.00634249471458774,1,0.00634249471458774
"4","Cyclopogon",0.355179704016913,0.988235294117647,0.351001119263773
"4","Cycnoches",0.12262156448203,1,0.12262156448203
"4","Cylindrolobus",0,0,0
"4","Cymbidium",0,0,0
"4","Cymbilabia",0,0,0
"4","Cymboglossum",0,0,0
"4","Cynorkis",0,0,0
"4","Cypripedium",0.0486257928118393,0.036741214057508,0.00178657066241582
"4","Cyrtochiloides",0.0380549682875264,1,0.0380549682875264
"4","Cyrtochilum",0.107822410147992,1,0.107822410147992
"4","Cyrtopodium",0.490486257928118,0.995708154506438,0.488381166692375
"4","Cyrtorchis",0,0,0
"4","Cyrtosia",0,0,0
"4","Cyrtostylis",0,0,0
"4","Cystorchis",0,0,0
"4","Dactylorhiza",0,0,0
"4","Dactylostalix",0,0,0
"4","Daiotyla",0.00845665961945032,1,0.00845665961945032
"4","Danhatchia",0,0,0
"4","Degranvillea",0.00422832980972516,1,0.00422832980972516
"4","Deiregyne",0.0591966173361522,1,0.0591966173361522
"4","Dendrobium",0,0,0
"4","Dendrolirium",0,0,0
"4","Dendrophylax",0.0380549682875264,0.9,0.0342494714587738
"4","Devogelia",0,0,0
"4","Diaphananthe",0,0,0
"4","Diceratostele",0,0,0
"4","Dichaea",0.479915433403805,1,0.479915433403805
"4","Dichromanthus",0.0972515856236787,0.958333333333333,0.093199436222692
"4","Didymoplexiella",0,0,0
"4","Didymoplexis",0,0,0
"4","Dienia",0,0,0
"4","Diglyphosa",0,0,0
"4","Dilochia",0,0,0
"4","Dilochiopsis",0,0,0
"4","Dilomilis",0.0126849894291755,1,0.0126849894291755
"4","Dimerandra",0.158562367864693,1,0.158562367864693
"4","Dimorphorchis",0,0,0
"4","Dinema",0.0465116279069767,1,0.0465116279069767
"4","Dinklageella",0,0,0
"4","Diodonopsis",0.0359408033826638,1,0.0359408033826638
"4","Diplocentrum",0,0,0
"4","Diplomeris",0,0,0
"4","Diploprora",0,0,0
"4","Dipodium",0,0,0
"4","Disa",0,0,0
"4","Discyphus",0.0169133192389006,1,0.0169133192389006
"4","Disperis",0,0,0
"4","Diuris",0,0,0
"4","Domingoa",0.0338266384778013,1,0.0338266384778013
"4","Dossinia",0,0,0
"4","Dracomonticola",0,0,0
"4","Draconanthes",0.0211416490486258,1,0.0211416490486258
"4","Dracula",0.0570824524312896,1,0.0570824524312896
"4","Drakaea",0,0,0
"4","Dresslerella",0.0190274841437632,1,0.0190274841437632
"4","Dressleria",0.0211416490486258,1,0.0211416490486258
"4","Dryadella",0.128964059196617,1,0.128964059196617
"4","Dryadorchis",0,0,0
"4","Drymoanthus",0,0,0
"4","Duckeella",0.0507399577167019,1,0.0507399577167019
"4","Dunstervillea",0.00422832980972516,1,0.00422832980972516
"4","Dyakia",0,0,0
"4","Earina",0,0,0
"4","Echinorhyncha",0.00845665961945032,1,0.00845665961945032
"4","Echinosepala",0.0507399577167019,1,0.0507399577167019
"4","Eggelingia",0,0,0
"4","Eleorchis",0,0,0
"4","Elleanthus",0.323467230443975,1,0.323467230443975
"4","Eloyella",0.0105708245243129,1,0.0105708245243129
"4","Eltroplectris",0.114164904862579,1,0.114164904862579
"4","Embreea",0.00634249471458774,1,0.00634249471458774
"4","Encyclia",0.558139534883721,0.974169741697417,0.543722646528791
"4","Ephippianthus",0,0,0
"4","Epiblastus",0,0,0
"4","Epiblema",0,0,0
"4","Epidendrum",0.85200845665962,0.975786924939467,0.831378711946311
"4","Epipactis",0.0295983086680761,0.0263653483992467,0.00078036972006227
"4","Epipogium",0,0,0
"4","Epistephium",0.367864693446089,1,0.367864693446089
"4","Erasanthe",0,0,0
"4","Eria",0,0,0
"4","Eriaxis",0,0,0
"4","Eriochilus",0,0,0
"4","Eriodes",0,0,0
"4","Eriopsis",0.0782241014799154,1,0.0782241014799154
"4","Erycina",0.365750528541226,1,0.365750528541226
"4","Erythrodes",0,0,0
"4","Erythrorchis",0,0,0
"4","Espinhassoa",0.0105708245243129,1,0.0105708245243129
"4","Eulophia",0.509513742071882,0.344285714285714,0.175418302627605
"4","Euryblema",0.00422832980972516,1,0.00422832980972516
"4","Eurycentrum",0,0,0
"4","Eurychone",0,0,0
"4","Eurystyles",0.120507399577167,1,0.120507399577167
"4","Evotella",0,0,0
"4","Fernandezia",0.101479915433404,1,0.101479915433404
"4","Frondaria",0.0274841437632135,1,0.0274841437632135
"4","Fuertesiella",0.00422832980972516,1,0.00422832980972516
"4","Funkiella",0.0528541226215645,1,0.0528541226215645
"4","Galeandra",0.389006342494715,1,0.389006342494715
"4","Galearis",0,0,0
"4","Galeoglossum",0.0359408033826638,1,0.0359408033826638
"4","Galeola",0,0,0
"4","Galeottia",0.105708245243129,1,0.105708245243129
"4","Galeottiella",0.0211416490486258,1,0.0211416490486258
"4","Gastrochilus",0,0,0
"4","Gastrodia",0,0,0
"4","Gavilea",0.00422832980972516,0.166666666666667,0.000704721634954193
"4","Gennaria",0,0,0
"4","Genoplesium",0,0,0
"4","Glomera",0,0,0
"4","Gomesa",0.274841437632135,1,0.274841437632135
"4","Gomphichis",0.0993657505285412,1,0.0993657505285412
"4","Gonatostylis",0,0,0
"4","Gongora",0.181818181818182,1,0.181818181818182
"4","Goodyera",0.0676532769556025,0.0433017591339648,0.00292950590335491
"4","Govenia",0.226215644820296,0.990740740740741,0.224121055516404
"4","Grammangis",0,0,0
"4","Grammatophyllum",0,0,0
"4","Grandiphyllum",0.0591966173361522,1,0.0591966173361522
"4","Graphorkis",0,0,0
"4","Gravendeelia",0.0443974630021142,1,0.0443974630021142
"4","Greenwoodiella",0.040169133192389,1,0.040169133192389
"4","Grobya",0.0380549682875264,1,0.0380549682875264
"4","Grosourdya",0,0,0
"4","Guanchezia",0.0105708245243129,1,0.0105708245243129
"4","Guarianthe",0.0739957716701903,1,0.0739957716701903
"4","Gunnarella",0,0,0
"4","Gymnadenia",0,0,0
"4","Habenaria",0.780126849894292,0.39297124600639,0.306567420246
"4","Hagsatera",0.0126849894291755,1,0.0126849894291755
"4","Halleorchis",0,0,0
"4","Hammarbya",0,0,0
"4","Hancockia",0,0,0
"4","Hapalorchis",0.080338266384778,1,0.080338266384778
"4","Helleriella",0.0126849894291755,1,0.0126849894291755
"4","Helonoma",0.0169133192389006,1,0.0169133192389006
"4","Hemipilia",0,0,0
"4","Herminium",0,0,0
"4","Herpysma",0,0,0
"4","Hetaeria",0,0,0
"4","Himantoglossum",0,0,0
"4","Hintonella",0.00634249471458774,1,0.00634249471458774
"4","Hoehneella",0.00422832980972516,1,0.00422832980972516
"4","Hofmeisterella",0.0211416490486258,1,0.0211416490486258
"4","Holcoglossum",0,0,0
"4","Holothrix",0,0,0
"4","Homalopetalum",0.0549682875264271,1,0.0549682875264271
"4","Horichia",0.00211416490486258,1,0.00211416490486258
"4","Horvatia",0.00211416490486258,1,0.00211416490486258
"4","Houlletia",0.0782241014799154,1,0.0782241014799154
"4","Hsenhsua",0,0,0
"4","Huntleya",0.0909090909090909,1,0.0909090909090909
"4","Huttonaea",0,0,0
"4","Hylophila",0,0,0
"4","Hymenorchis",0,0,0
"4","Ida",0.0739957716701903,1,0.0739957716701903
"4","Imerinaea",0,0,0
"4","Ionopsis",0.304439746300211,1,0.304439746300211
"4","Isabelia",0.0676532769556025,1,0.0676532769556025
"4","Isochilus",0.266384778012685,1,0.266384778012685
"4","Isotria",0,0,0
"4","Ixyophora",0.0126849894291755,1,0.0126849894291755
"4","Jacquiniella",0.232558139534884,1,0.232558139534884
"4","Jejewoodia",0,0,0
"4","Jumellea",0,0,0
"4","Kefersteinia",0.0718816067653277,1,0.0718816067653277
"4","Kegeliella",0.0232558139534884,1,0.0232558139534884
"4","Kionophyton",0.0295983086680761,1,0.0295983086680761
"4","Koellensteinia",0.192389006342495,1,0.192389006342495
"4","Kylicanthe",0,0,0
"4","Lacaena",0.0105708245243129,1,0.0105708245243129
"4","Laelia",0.268498942917548,1,0.268498942917548
"4","Lankesterella",0.0634249471458774,1,0.0634249471458774
"4","Lankesteriana",0.00845665961945032,1,0.00845665961945032
"4","Lecanorchis",0,0,0
"4","Lemurella",0,0,0
"4","Lemurorchis",0,0,0
"4","Leochilus",0.107822410147992,1,0.107822410147992
"4","Lepanthes",0.200845665961945,1,0.200845665961945
"4","Lepanthopsis",0.112050739957717,1,0.112050739957717
"4","Lepidogyne",0,0,0
"4","Leporella",0,0,0
"4","Leptoceras",0,0,0
"4","Leptotes",0.0613107822410148,1,0.0613107822410148
"4","Limodorum",0,0,0
"4","Liparis",0.359408033826638,0.214105793450882,0.0769513422550737
"4","Listrostachys",0,0,0
"4","Lockhartia",0.334038054968288,1,0.334038054968288
"4","Loefgrenianthus",0.0105708245243129,1,0.0105708245243129
"4","Ludisia",0,0,0
"4","Lueckelia",0.00634249471458774,1,0.00634249471458774
"4","Lueddemannia",0.0126849894291755,1,0.0126849894291755
"4","Luisia",0,0,0
"4","Lycaste",0.118393234672304,1,0.118393234672304
"4","Lycomormium",0.0147991543340381,1,0.0147991543340381
"4","Lyperanthus",0,0,0
"4","Lyroglossa",0.040169133192389,1,0.040169133192389
"4","Macodes",0,0,0
"4","Macradenia",0.137420718816068,1,0.137420718816068
"4","Macroclinium",0.116279069767442,1,0.116279069767442
"4","Macropodanthus",0,0,0
"4","Madisonia",0.0676532769556025,1,0.0676532769556025
"4","Malaxis",0.325581395348837,0.263247863247863,0.0857086066388392
"4","Manniella",0,0,0
"4","Masdevallia",0.234672304439746,1,0.234672304439746
"4","Maxillaria",0.695560253699789,0.996969696969697,0.693452495355244
"4","Mediocalcar",0,0,0
"4","Megalorchis",0,0,0
"4","Megastylis",0,0,0
"4","Meiracyllium",0.0380549682875264,1,0.0380549682875264
"4","Mengzia",0,0,0
"4","Mesadenella",0.164904862579281,1,0.164904862579281
"4","Mesadenus",0.0549682875264271,1,0.0549682875264271
"4","Mexipedium",0.00211416490486258,1,0.00211416490486258
"4","Microchilus",0.473572938689218,0.96969696969697,0.459222243577423
"4","Microcoelia",0,0,0
"4","Microepidendrum",0.00422832980972516,1,0.00422832980972516
"4","Micropera",0,0,0
"4","Microsaccus",0,0,0
"4","Microthelys",0.0338266384778013,0.941176470588235,0.0318368362144012
"4","Microtis",0,0,0
"4","Miltonia",0.0930232558139535,1,0.0930232558139535
"4","Miltoniopsis",0.0422832980972516,1,0.0422832980972516
"4","Mobilabium",0,0,0
"4","Monophyllorchis",0.0274841437632135,1,0.0274841437632135
"4","Mormodes",0.143763213530655,1,0.143763213530655
"4","Mycaranthes",0,0,0
"4","Myoxanthus",0.190274841437632,1,0.190274841437632
"4","Myrmecophila",0.0613107822410148,1,0.0613107822410148
"4","Myrosmodes",0.0507399577167019,1,0.0507399577167019
"4","Mystacidium",0,0,0
"4","Nemaconia",0.0930232558139535,1,0.0930232558139535
"4","Neobathiea",0,0,0
"4","Neobolusia",0,0,0
"4","Neocogniauxia",0.00422832980972516,1,0.00422832980972516
"4","Neogardneria",0.00422832980972516,1,0.00422832980972516
"4","Neomoorea",0.00422832980972516,1,0.00422832980972516
"4","Neotinea",0,0,0
"4","Neottia",0,0,0
"4","Nephelaphyllum",0,0,0
"4","Nephrangis",0,0,0
"4","Nervilia",0,0,0
"4","Neuwiedia",0,0,0
"4","Nidema",0.13107822410148,1,0.13107822410148
"4","Nohawilliamsia",0.0232558139534884,1,0.0232558139534884
"4","Nothostele",0.00634249471458774,1,0.00634249471458774
"4","Notylia",0.31923890063425,1,0.31923890063425
"4","Notyliopsis",0.00211416490486258,1,0.00211416490486258
"4","Oberonia",0,0,0
"4","Oberonioides",0,0,0
"4","Octarrhena",0,0,0
"4","Octomeria",0.315010570824524,1,0.315010570824524
"4","Odontochilus",0,0,0
"4","Odontoglossum",0.0147991543340381,1,0.0147991543340381
"4","Odontorrhynchus",0.0105708245243129,1,0.0105708245243129
"4","Oeonia",0,0,0
"4","Oeoniella",0,0,0
"4","Oestlundia",0.0486257928118393,1,0.0486257928118393
"4","Oligophyton",0,0,0
"4","Oliveriana",0.025369978858351,1,0.025369978858351
"4","Oncidium",0.422832980972516,0.99009900990099,0.418646515814372
"4","Ophidion",0.025369978858351,1,0.025369978858351
"4","Ophioglossella",0,0,0
"4","Ophrys",0,0,0
"4","Orchipedum",0,0,0
"4","Orchis",0,0,0
"4","Oreorchis",0,0,0
"4","Orestias",0,0,0
"4","Orleanesia",0.0845665961945032,1,0.0845665961945032
"4","Ornithocephalus",0.232558139534884,1,0.232558139534884
"4","Orthoceras",0,0,0
"4","Otoglossum",0.0972515856236787,1,0.0972515856236787
"4","Otostylis",0.0507399577167019,1,0.0507399577167019
"4","Oxystophyllum",0,0,0
"4","Pabstia",0.0211416490486258,1,0.0211416490486258
"4","Pabstiella",0.18816067653277,1,0.18816067653277
"4","Pachites",0,0,0
"4","Pachyplectron",0,0,0
"4","Pachystoma",0,0,0
"4","Palmorchis",0.126849894291755,1,0.126849894291755
"4","Paphinia",0.0422832980972516,1,0.0422832980972516
"4","Paphiopedilum",0,0,0
"4","Papilionanthe",0,0,0
"4","Papuaea",0,0,0
"4","Paracaleana",0,0,0
"4","Paradisanthus",0.0359408033826638,1,0.0359408033826638
"4","Pecteilis",0,0,0
"4","Pelatantheria",0,0,0
"4","Pelexia",0.266384778012685,1,0.266384778012685
"4","Pendusalpinx",0.0274841437632135,1,0.0274841437632135
"4","Pennilabium",0,0,0
"4","Peristeranthus",0,0,0
"4","Peristeria",0.0528541226215645,1,0.0528541226215645
"4","Peristylus",0,0,0
"4","Pescatoria",0.0465116279069767,1,0.0465116279069767
"4","Phalaenopsis",0,0,0
"4","Pheladenia",0,0,0
"4","Phloeophila",0.0126849894291755,1,0.0126849894291755
"4","Phragmipedium",0.141649048625793,1,0.141649048625793
"4","Phreatia",0,0,0
"4","Phymatidium",0.0613107822410148,1,0.0613107822410148
"4","Physogyne",0.00422832980972516,1,0.00422832980972516
"4","Pilophyllum",0,0,0
"4","Pinalia",0,0,0
"4","Platanthera",0.06553911205074,0.0342541436464088,0.00224498615864413
"4","Platycoryne",0,0,0
"4","Platyrhiza",0.0147991543340381,1,0.0147991543340381
"4","Platystele",0.167019027484144,1,0.167019027484144
"4","Plectorrhiza",0,0,0
"4","Plectrelminthus",0,0,0
"4","Plectrophora",0.0570824524312896,1,0.0570824524312896
"4","Pleione",0,0,0
"4","Pleurothallis",0.353065539112051,1,0.353065539112051
"4","Pleurothallopsis",0.0465116279069767,1,0.0465116279069767
"4","Plocoglottis",0,0,0
"4","Poaephyllum",0,0,0
"4","Podangis",0,0,0
"4","Podochilus",0,0,0
"4","Pogonia",0.00422832980972516,0.0109289617486339,4.62112547510946e-05
"4","Pogoniopsis",0.0274841437632135,1,0.0274841437632135
"4","Polycycnis",0.0613107822410148,1,0.0613107822410148
"4","Polyotidium",0.0169133192389006,1,0.0169133192389006
"4","Polystachya",0.560253699788584,0.525793650793651,0.294577838182489
"4","Pomatocalpa",0,0,0
"4","Ponera",0.0211416490486258,1,0.0211416490486258
"4","Ponthieva",0.232558139534884,0.852713178294574,0.198305390301064
"4","Porpax",0,0,0
"4","Porphyrostachys",0.025369978858351,1,0.025369978858351
"4","Porroglossum",0.0295983086680761,1,0.0295983086680761
"4","Porrorhachis",0,0,0
"4","Praecoxanthus",0,0,0
"4","Prasophyllum",0,0,0
"4","Prescottia",0.3276955602537,1,0.3276955602537
"4","Promenaea",0.0549682875264271,1,0.0549682875264271
"4","Prosthechea",0.623678646934461,0.98993288590604,0.617400002837805
"4","Pseuderia",0,0,0
"4","Pseudocentrum",0.0295983086680761,1,0.0295983086680761
"4","Pseudogoodyera",0.00422832980972516,1,0.00422832980972516
"4","Pseudolaelia",0.0359408033826638,1,0.0359408033826638
"4","Pseudorchis",0,0,0
"4","Pseudovanilla",0,0,0
"4","Psilochilus",0.137420718816068,1,0.137420718816068
"4","Psychilis",0.0105708245243129,1,0.0105708245243129
"4","Psychopsiella",0.00211416490486258,1,0.00211416490486258
"4","Psychopsis",0.0380549682875264,1,0.0380549682875264
"4","Pterichis",0.0697674418604651,1,0.0697674418604651
"4","Pteroceras",0,0,0
"4","Pteroglossa",0.109936575052854,1,0.109936575052854
"4","Pterostemma",0.00634249471458774,1,0.00634249471458774
"4","Pterostylis",0,0,0
"4","Pterygodium",0,0,0
"4","Pupulinia",0.00211416490486258,1,0.00211416490486258
"4","Pygmaeorchis",0.00211416490486258,1,0.00211416490486258
"4","Pyrorchis",0,0,0
"4","Quechua",0.00422832980972516,1,0.00422832980972516
"4","Quekettia",0.0338266384778013,1,0.0338266384778013
"4","Quisqueya",0.00211416490486258,1,0.00211416490486258
"4","Rangaeris",0,0,0
"4","Rauhiella",0.00422832980972516,1,0.00422832980972516
"4","Renanthera",0,0,0
"4","Restrepia",0.0866807610993657,1,0.0866807610993657
"4","Restrepiella",0.040169133192389,1,0.040169133192389
"4","Rhinerrhiza",0,0,0
"4","Rhipidoglossum",0,0,0
"4","Rhizanthella",0,0,0
"4","Rhomboda",0,0,0
"4","Rhynchogyna",0,0,0
"4","Rhyncholaelia",0.0359408033826638,1,0.0359408033826638
"4","Rhynchostele",0.06553911205074,1,0.06553911205074
"4","Rhynchostylis",0,0,0
"4","Ridleyella",0,0,0
"4","Rimacola",0,0,0
"4","Risleya",0,0,0
"4","Robiquetia",0,0,0
"4","Rodriguezia",0.287526427061311,1,0.287526427061311
"4","Roeperocharis",0,0,0
"4","Rossioglossum",0.0718816067653277,1,0.0718816067653277
"4","Rudolfiella",0.0930232558139535,1,0.0930232558139535
"4","Saccolabiopsis",0,0,0
"4","Saccolabium",0,0,0
"4","Sacoila",0.414376321353066,0.98,0.406088794926004
"4","Sanderella",0.0274841437632135,1,0.0274841437632135
"4","Sarcanthopsis",0,0,0
"4","Sarcochilus",0,0,0
"4","Sarcoglottis",0.391120507399577,1,0.391120507399577
"4","Sarcoglyphis",0,0,0
"4","Satyrium",0,0,0
"4","Saundersia",0.00634249471458774,1,0.00634249471458774
"4","Sauroglossum",0.0739957716701903,1,0.0739957716701903
"4","Scaphosepalum",0.0761099365750529,1,0.0761099365750529
"4","Scaphyglottis",0.545454545454545,1,0.545454545454545
"4","Schiedeella",0.0634249471458774,0.88235294117647,0.0559631886581271
"4","Schizochilus",0,0,0
"4","Schlimia",0.0105708245243129,1,0.0105708245243129
"4","Schoenorchis",0,0,0
"4","Scuticaria",0.0613107822410148,1,0.0613107822410148
"4","Seidenfadenia",0,0,0
"4","Selenipedium",0.0295983086680761,1,0.0295983086680761
"4","Serapias",0.0147991543340381,0.0833333333333333,0.00123326286116984
"4","Sertifera",0.0317124735729387,1,0.0317124735729387
"4","Sievekingia",0.040169133192389,1,0.040169133192389
"4","Sirhookera",0,0,0
"4","Sirindhornia",0,0,0
"4","Skeptrostachys",0.0866807610993657,1,0.0866807610993657
"4","Smitinandia",0,0,0
"4","Sobennikoffia",0,0,0
"4","Sobralia",0.408033826638478,1,0.408033826638478
"4","Solenangis",0,0,0
"4","Solenidium",0.0317124735729387,1,0.0317124735729387
"4","Solenocentrum",0.00845665961945032,1,0.00845665961945032
"4","Soterosanthus",0.00845665961945032,1,0.00845665961945032
"4","Sotoa",0.0211416490486258,1,0.0211416490486258
"4","Spathoglottis",0,0,0
"4","Specklinia",0.331923890063425,1,0.331923890063425
"4","Sphyrarhynchus",0,0,0
"4","Spiculaea",0,0,0
"4","Spiranthes",0.0930232558139535,0.0556962025316456,0.00518104209596703
"4","Stanhopea",0.202959830866808,1,0.202959830866808
"4","Stelis",0.435517970401691,1,0.435517970401691
"4","Stellamaris",0.0147991543340381,1,0.0147991543340381
"4","Stenia",0.0317124735729387,1,0.0317124735729387
"4","Stenoglottis",0,0,0
"4","Stenoptera",0.0295983086680761,1,0.0295983086680761
"4","Stenorrhynchos",0.0909090909090909,1,0.0909090909090909
"4","Stenotyla",0.0274841437632135,1,0.0274841437632135
"4","Stereochilus",0,0,0
"4","Stereosandra",0,0,0
"4","Steveniella",0,0,0
"4","Stichorkis",0,0,0
"4","Stigmatodactylus",0,0,0
"4","Strongyleria",0,0,0
"4","Suarezia",0.00211416490486258,1,0.00211416490486258
"4","Summerhayesia",0,0,0
"4","Svenkoeltzia",0.00422832980972516,1,0.00422832980972516
"4","Systeloglossum",0.0105708245243129,1,0.0105708245243129
"4","Taeniophyllum",0,0,0
"4","Tainia",0,0,0
"4","Tamayorkis",0.0507399577167019,0.8,0.0405919661733615
"4","Taprobanea",0,0,0
"4","Teagueia",0.00634249471458774,1,0.00634249471458774
"4","Telipogon",0.0845665961945032,1,0.0845665961945032
"4","Tetramicra",0.0274841437632135,1,0.0274841437632135
"4","Teuscheria",0.0169133192389006,1,0.0169133192389006
"4","Thaia",0,0,0
"4","Thecopus",0,0,0
"4","Thecostele",0,0,0
"4","Thelasis",0,0,0
"4","Thelymitra",0,0,0
"4","Thelyschista",0.00634249471458774,1,0.00634249471458774
"4","Thrixspermum",0,0,0
"4","Thulinia",0,0,0
"4","Thunia",0,0,0
"4","Thysanoglossa",0.00634249471458774,1,0.00634249471458774
"4","Tipularia",0,0,0
"4","Tolumnia",0.0422832980972516,1,0.0422832980972516
"4","Townsonia",0,0,0
"4","Trachoma",0,0,0
"4","Traunsteinera",0,0,0
"4","Trevoria",0.00634249471458774,1,0.00634249471458774
"4","Triceratorhynchus",0,0,0
"4","Trichocentrum",0.585623678646934,0.996402877697842,0.583517118651802
"4","Trichoceros",0.025369978858351,1,0.025369978858351
"4","Trichoglottis",0,0,0
"4","Trichopilia",0.107822410147992,1,0.107822410147992
"4","Trichosalpinx",0.234672304439746,1,0.234672304439746
"4","Trichotosia",0,0,0
"4","Tridactyle",0,0,0
"4","Triphora",0.116279069767442,0.555555555555556,0.0645994832041344
"4","Trisetella",0.0422832980972516,1,0.0422832980972516
"4","Trizeuxis",0.103594080338266,1,0.103594080338266
"4","Tropidia",0.0465116279069767,0.191304347826087,0.00889787664307381
"4","Tsaiorchis",0,0,0
"4","Tuberolabium",0,0,0
"4","Tylostigma",0,0,0
"4","Uleiorchis",0.040169133192389,1,0.040169133192389
"4","Uncifera",0,0,0
"4","Vanda",0,0,0
"4","Vandopsis",0,0,0
"4","Vanilla",0.596194503171247,0.658878504672897,0.392819742743672
"4","Vargasiella",0.0105708245243129,1,0.0105708245243129
"4","Vasqueziella",0.00211416490486258,1,0.00211416490486258
"4","Veyretella",0,0,0
"4","Veyretia",0.101479915433404,1,0.101479915433404
"4","Vitekorchis",0.0274841437632135,1,0.0274841437632135
"4","Vrydagzynea",0,0,0
"4","Waireia",0,0,0
"4","Warczewiczella",0.0782241014799154,1,0.0782241014799154
"4","Warmingia",0.0422832980972516,1,0.0422832980972516
"4","Warrea",0.0676532769556025,1,0.0676532769556025
"4","Warreella",0.00845665961945032,1,0.00845665961945032
"4","Warreopsis",0.0126849894291755,1,0.0126849894291755
"4","Wullschlaegelia",0.21353065539112,1,0.21353065539112
"4","Xerorchis",0.0591966173361522,1,0.0591966173361522
"4","Xylobium",0.238900634249471,1,0.238900634249471
"4","Yoania",0,0,0
"4","Ypsilopus",0,0,0
"4","Zelenkoa",0.0147991543340381,1,0.0147991543340381
"4","Zeuxine",0,0,0
"4","Zootrophion",0.0697674418604651,1,0.0697674418604651
"4","Zygopetalum",0.0972515856236787,1,0.0972515856236787
"4","Zygosepalum",0.0972515856236787,1,0.0972515856236787
"4","Zygostates",0.101479915433404,1,0.101479915433404
"5","Acanthophippium",0,0,0
"5","Achlydosa",0,0,0
"5","Acianthera",0,0,0
"5","Acianthus",0,0,0
"5","Acineta",0,0,0
"5","Acriopsis",0,0,0
"5","Acrorchis",0,0,0
"5","Adenochilus",0,0,0
"5","Adenoncos",0,0,0
"5","Adrorhizon",0,0,0
"5","Aerangis",0.462264150943396,0.993243243243243,0.459140744518103
"5","Aeranthes",0.0660377358490566,1,0.0660377358490566
"5","Aerides",0,0,0
"5","Aeridostachya",0,0,0
"5","Aetheorhyncha",0,0,0
"5","Afropectinariella",0.122641509433962,1,0.122641509433962
"5","Aganisia",0,0,0
"5","Aglossorrhyncha",0,0,0
"5","Agrostophyllum",0,0,0
"5","Alamania",0,0,0
"5","Alatiliparis",0,0,0
"5","Altensteinia",0,0,0
"5","Ambrella",0.00314465408805031,1,0.00314465408805031
"5","Amoana",0,0,0
"5","Anacamptis",0,0,0
"5","Anathallis",0,0,0
"5","Ancistrochilus",0.0943396226415094,1,0.0943396226415094
"5","Ancistrorhynchus",0.188679245283019,1,0.188679245283019
"5","Andinia",0,0,0
"5","Andreettaea",0,0,0
"5","Angraecopsis",0.0974842767295598,1,0.0974842767295598
"5","Angraecum",0.484276729559748,1,0.484276729559748
"5","Anguloa",0,0,0
"5","Ania",0,0,0
"5","Anoectochilus",0,0,0
"5","Ansellia",0.289308176100629,1,0.289308176100629
"5","Anthogonium",0,0,0
"5","Aphyllorchis",0,0,0
"5","Aplectrum",0,0,0
"5","Aporostylis",0,0,0
"5","Apostasia",0,0,0
"5","Appendicula",0,0,0
"5","Aracamunia",0,0,0
"5","Arachnis",0,0,0
"5","Arethusa",0,0,0
"5","Arpophyllum",0,0,0
"5","Arthrochilus",0,0,0
"5","Artorima",0,0,0
"5","Arundina",0,0,0
"5","Aspasia",0,0,0
"5","Aulosepalum",0,0,0
"5","Auxopus",0.0911949685534591,1,0.0911949685534591
"5","Bambuseria",0,0,0
"5","Barbosella",0,0,0
"5","Barkeria",0,0,0
"5","Baskervilla",0,0,0
"5","Batemannia",0,0,0
"5","Beclardia",0.0314465408805031,1,0.0314465408805031
"5","Beloglottis",0,0,0
"5","Benthamia",0.0440251572327044,1,0.0440251572327044
"5","Benzingia",0,0,0
"5","Biermannia",0,0,0
"5","Bifrenaria",0,0,0
"5","Bipinnula",0,0,0
"5","Bletia",0,0,0
"5","Bletilla",0,0,0
"5","Bogoria",0,0,0
"5","Bolusiella",0.138364779874214,1,0.138364779874214
"5","Bonatea",0.163522012578616,1,0.163522012578616
"5","Brachionidium",0,0,0
"5","Brachycorythis",0.440251572327044,0.756756756756757,0.333163352031277
"5","Brachypeza",0,0,0
"5","Brachystele",0,0,0
"5","Braemia",0,0,0
"5","Brassavola",0,0,0
"5","Brassia",0,0,0
"5","Bromheadia",0,0,0
"5","Broughtonia",0,0,0
"5","Brownleea",0.0943396226415094,1,0.0943396226415094
"5","Bryobium",0,0,0
"5","Buchtienia",0,0,0
"5","Bulbophyllum",0.588050314465409,0.281203007518797,0.165361517000047
"5","Burnettia",0,0,0
"5","Caladenia",0,0,0
"5","Calanthe",0.176100628930818,0.157746478873239,0.0277792541411994
"5","Caleana",0,0,0
"5","Callostylis",0,0,0
"5","Calochilus",0,0,0
"5","Calopogon",0,0,0
"5","Caluera",0,0,0
"5","Calymmanthera",0,0,0
"5","Calypso",0,0,0
"5","Calyptrochilum",0.286163522012579,1,0.286163522012579
"5","Campanulorchis",0,0,0
"5","Campylocentrum",0,0,0
"5","Capanemia",0,0,0
"5","Cardiochilos",0.00943396226415094,1,0.00943396226415094
"5","Catasetum",0,0,0
"5","Cattleya",0,0,0
"5","Caucaea",0,0,0
"5","Caularthron",0,0,0
"5","Centrostigma",0.0408805031446541,1,0.0408805031446541
"5","Cephalanthera",0,0,0
"5","Ceratandra",0.0251572327044025,1,0.0251572327044025
"5","Ceratostylis",0,0,0
"5","Chamaeanthus",0,0,0
"5","Chamaegastrodia",0,0,0
"5","Chamelophyton",0,0,0
"5","Chamorchis",0,0,0
"5","Changnienia",0,0,0
"5","Chaubardia",0,0,0
"5","Chaubardiella",0,0,0
"5","Cheiradenia",0,0,0
"5","Cheirostylis",0.106918238993711,0.369565217391304,0.0395132622368061
"5","Chiloglottis",0,0,0
"5","Chiloschista",0,0,0
"5","Chloraea",0,0,0
"5","Chondrorhyncha",0,0,0
"5","Chondroscaphe",0,0,0
"5","Chroniochilus",0,0,0
"5","Chrysoglossum",0,0,0
"5","Chysis",0,0,0
"5","Chytroglossa",0,0,0
"5","Cirrhaea",0,0,0
"5","Cischweinfia",0,0,0
"5","Claderia",0,0,0
"5","Cleisocentron",0,0,0
"5","Cleisomeria",0,0,0
"5","Cleisostoma",0,0,0
"5","Cleisostomopsis",0,0,0
"5","Cleistes",0,0,0
"5","Cleistesiopsis",0,0,0
"5","Clematepistephium",0,0,0
"5","Clowesia",0,0,0
"5","Coccineorchis",0,0,0
"5","Cochleanthes",0,0,0
"5","Codonorchis",0,0,0
"5","Coelia",0,0,0
"5","Coeliopsis",0,0,0
"5","Coelogyne",0,0,0
"5","Coenoemersa",0,0,0
"5","Coilochilus",0,0,0
"5","Collabium",0,0,0
"5","Comparettia",0,0,0
"5","Constantia",0,0,0
"5","Cooktownia",0,0,0
"5","Corallorhiza",0,0,0
"5","Coryanthes",0,0,0
"5","Corybas",0,0,0
"5","Corycium",0.0786163522012579,1,0.0786163522012579
"5","Corymborkis",0.182389937106918,0.267281105990783,0.0487493841115265
"5","Cottonia",0,0,0
"5","Cotylolabium",0,0,0
"5","Cranichis",0,0,0
"5","Cremastra",0,0,0
"5","Crepidium",0,0,0
"5","Crossoglossa",0,0,0
"5","Crossoliparis",0,0,0
"5","Cryptarrhena",0,0,0
"5","Cryptochilus",0,0,0
"5","Cryptopus",0.0157232704402516,1,0.0157232704402516
"5","Cryptostylis",0,0,0
"5","Cuitlauzina",0,0,0
"5","Cyanaeorchis",0,0,0
"5","Cybebus",0,0,0
"5","Cyclopogon",0,0,0
"5","Cycnoches",0,0,0
"5","Cylindrolobus",0,0,0
"5","Cymbidium",0,0,0
"5","Cymbilabia",0,0,0
"5","Cymboglossum",0,0,0
"5","Cynorkis",0.279874213836478,1,0.279874213836478
"5","Cypripedium",0,0,0
"5","Cyrtochiloides",0,0,0
"5","Cyrtochilum",0,0,0
"5","Cyrtopodium",0,0,0
"5","Cyrtorchis",0.361635220125786,1,0.361635220125786
"5","Cyrtosia",0,0,0
"5","Cyrtostylis",0,0,0
"5","Cystorchis",0,0,0
"5","Dactylorhiza",0,0,0
"5","Dactylostalix",0,0,0
"5","Daiotyla",0,0,0
"5","Danhatchia",0,0,0
"5","Degranvillea",0,0,0
"5","Deiregyne",0,0,0
"5","Dendrobium",0,0,0
"5","Dendrolirium",0,0,0
"5","Dendrophylax",0,0,0
"5","Devogelia",0,0,0
"5","Diaphananthe",0.380503144654088,1,0.380503144654088
"5","Diceratostele",0.0377358490566038,1,0.0377358490566038
"5","Dichaea",0,0,0
"5","Dichromanthus",0,0,0
"5","Didymoplexiella",0,0,0
"5","Didymoplexis",0.0314465408805031,0.24390243902439,0.00766988801963491
"5","Dienia",0,0,0
"5","Diglyphosa",0,0,0
"5","Dilochia",0,0,0
"5","Dilochiopsis",0,0,0
"5","Dilomilis",0,0,0
"5","Dimerandra",0,0,0
"5","Dimorphorchis",0,0,0
"5","Dinema",0,0,0
"5","Dinklageella",0.0408805031446541,1,0.0408805031446541
"5","Diodonopsis",0,0,0
"5","Diplocentrum",0,0,0
"5","Diplomeris",0,0,0
"5","Diploprora",0,0,0
"5","Dipodium",0,0,0
"5","Disa",0.408805031446541,1,0.408805031446541
"5","Discyphus",0,0,0
"5","Disperis",0.364779874213836,0.943089430894309,0.344020043974025
"5","Diuris",0,0,0
"5","Domingoa",0,0,0
"5","Dossinia",0,0,0
"5","Dracomonticola",0.0188679245283019,1,0.0188679245283019
"5","Draconanthes",0,0,0
"5","Dracula",0,0,0
"5","Drakaea",0,0,0
"5","Dresslerella",0,0,0
"5","Dressleria",0,0,0
"5","Dryadella",0,0,0
"5","Dryadorchis",0,0,0
"5","Drymoanthus",0,0,0
"5","Duckeella",0,0,0
"5","Dunstervillea",0,0,0
"5","Dyakia",0,0,0
"5","Earina",0,0,0
"5","Echinorhyncha",0,0,0
"5","Echinosepala",0,0,0
"5","Eggelingia",0.059748427672956,1,0.059748427672956
"5","Eleorchis",0,0,0
"5","Elleanthus",0,0,0
"5","Eloyella",0,0,0
"5","Eltroplectris",0,0,0
"5","Embreea",0,0,0
"5","Encyclia",0,0,0
"5","Ephippianthus",0,0,0
"5","Epiblastus",0,0,0
"5","Epiblema",0,0,0
"5","Epidendrum",0,0,0
"5","Epipactis",0.0534591194968553,0.032015065913371,0.0017114972343626
"5","Epipogium",0.0314465408805031,0.0444444444444444,0.00139762403913347
"5","Epistephium",0,0,0
"5","Erasanthe",0.0157232704402516,1,0.0157232704402516
"5","Eria",0,0,0
"5","Eriaxis",0,0,0
"5","Eriochilus",0,0,0
"5","Eriodes",0,0,0
"5","Eriopsis",0,0,0
"5","Erycina",0,0,0
"5","Erythrodes",0,0,0
"5","Erythrorchis",0,0,0
"5","Espinhassoa",0,0,0
"5","Eulophia",0.889937106918239,0.404285714285714,0.359788858939802
"5","Euryblema",0,0,0
"5","Eurycentrum",0,0,0
"5","Eurychone",0.050314465408805,1,0.050314465408805
"5","Eurystyles",0,0,0
"5","Evotella",0.0188679245283019,1,0.0188679245283019
"5","Fernandezia",0,0,0
"5","Frondaria",0,0,0
"5","Fuertesiella",0,0,0
"5","Funkiella",0,0,0
"5","Galeandra",0,0,0
"5","Galearis",0,0,0
"5","Galeoglossum",0,0,0
"5","Galeola",0.00943396226415094,0.0697674418604651,0.000658183413777973
"5","Galeottia",0,0,0
"5","Galeottiella",0,0,0
"5","Gastrochilus",0,0,0
"5","Gastrodia",0.0220125786163522,0.049645390070922,0.00109282305187564
"5","Gavilea",0,0,0
"5","Gennaria",0,0,0
"5","Genoplesium",0,0,0
"5","Glomera",0,0,0
"5","Gomesa",0,0,0
"5","Gomphichis",0,0,0
"5","Gonatostylis",0,0,0
"5","Gongora",0,0,0
"5","Goodyera",0.0157232704402516,0.006765899864682,0.000106382073344057
"5","Govenia",0,0,0
"5","Grammangis",0.0220125786163522,1,0.0220125786163522
"5","Grammatophyllum",0,0,0
"5","Grandiphyllum",0,0,0
"5","Graphorkis",0.169811320754717,1,0.169811320754717
"5","Gravendeelia",0,0,0
"5","Greenwoodiella",0,0,0
"5","Grobya",0,0,0
"5","Grosourdya",0,0,0
"5","Guanchezia",0,0,0
"5","Guarianthe",0,0,0
"5","Gunnarella",0,0,0
"5","Gymnadenia",0,0,0
"5","Habenaria",0.814465408805031,0.275825346112886,0.224650203280621
"5","Hagsatera",0,0,0
"5","Halleorchis",0.00943396226415094,1,0.00943396226415094
"5","Hammarbya",0,0,0
"5","Hancockia",0,0,0
"5","Hapalorchis",0,0,0
"5","Helleriella",0,0,0
"5","Helonoma",0,0,0
"5","Hemipilia",0,0,0
"5","Herminium",0,0,0
"5","Herpysma",0,0,0
"5","Hetaeria",0.147798742138365,0.385245901639344,0.0569388596762553
"5","Himantoglossum",0,0,0
"5","Hintonella",0,0,0
"5","Hoehneella",0,0,0
"5","Hofmeisterella",0,0,0
"5","Holcoglossum",0,0,0
"5","Holothrix",0.185534591194969,1,0.185534591194969
"5","Homalopetalum",0,0,0
"5","Horichia",0,0,0
"5","Horvatia",0,0,0
"5","Houlletia",0,0,0
"5","Hsenhsua",0,0,0
"5","Huntleya",0,0,0
"5","Huttonaea",0.0283018867924528,1,0.0283018867924528
"5","Hylophila",0,0,0
"5","Hymenorchis",0,0,0
"5","Ida",0,0,0
"5","Imerinaea",0.0125786163522013,1,0.0125786163522013
"5","Ionopsis",0,0,0
"5","Isabelia",0,0,0
"5","Isochilus",0,0,0
"5","Isotria",0,0,0
"5","Ixyophora",0,0,0
"5","Jacquiniella",0,0,0
"5","Jejewoodia",0,0,0
"5","Jumellea",0.0691823899371069,1,0.0691823899371069
"5","Kefersteinia",0,0,0
"5","Kegeliella",0,0,0
"5","Kionophyton",0,0,0
"5","Koellensteinia",0,0,0
"5","Kylicanthe",0.0471698113207547,1,0.0471698113207547
"5","Lacaena",0,0,0
"5","Laelia",0,0,0
"5","Lankesterella",0,0,0
"5","Lankesteriana",0,0,0
"5","Lecanorchis",0,0,0
"5","Lemurella",0.0377358490566038,1,0.0377358490566038
"5","Lemurorchis",0.00314465408805031,1,0.00314465408805031
"5","Leochilus",0,0,0
"5","Lepanthes",0,0,0
"5","Lepanthopsis",0,0,0
"5","Lepidogyne",0,0,0
"5","Leporella",0,0,0
"5","Leptoceras",0,0,0
"5","Leptotes",0,0,0
"5","Limodorum",0,0,0
"5","Liparis",0.430817610062893,0.172544080604534,0.0743350284365445
"5","Listrostachys",0.0786163522012579,1,0.0786163522012579
"5","Lockhartia",0,0,0
"5","Loefgrenianthus",0,0,0
"5","Ludisia",0,0,0
"5","Lueckelia",0,0,0
"5","Lueddemannia",0,0,0
"5","Luisia",0,0,0
"5","Lycaste",0,0,0
"5","Lycomormium",0,0,0
"5","Lyperanthus",0,0,0
"5","Lyroglossa",0,0,0
"5","Macodes",0,0,0
"5","Macradenia",0,0,0
"5","Macroclinium",0,0,0
"5","Macropodanthus",0,0,0
"5","Madisonia",0,0,0
"5","Malaxis",0.166666666666667,0.0905982905982906,0.0150997150997151
"5","Manniella",0.0817610062893082,1,0.0817610062893082
"5","Masdevallia",0,0,0
"5","Maxillaria",0,0,0
"5","Mediocalcar",0,0,0
"5","Megalorchis",0.00314465408805031,1,0.00314465408805031
"5","Megastylis",0,0,0
"5","Meiracyllium",0,0,0
"5","Mengzia",0,0,0
"5","Mesadenella",0,0,0
"5","Mesadenus",0,0,0
"5","Mexipedium",0,0,0
"5","Microchilus",0,0,0
"5","Microcoelia",0.327044025157233,1,0.327044025157233
"5","Microepidendrum",0,0,0
"5","Micropera",0,0,0
"5","Microsaccus",0,0,0
"5","Microthelys",0,0,0
"5","Microtis",0,0,0
"5","Miltonia",0,0,0
"5","Miltoniopsis",0,0,0
"5","Mobilabium",0,0,0
"5","Monophyllorchis",0,0,0
"5","Mormodes",0,0,0
"5","Mycaranthes",0,0,0
"5","Myoxanthus",0,0,0
"5","Myrmecophila",0,0,0
"5","Myrosmodes",0,0,0
"5","Mystacidium",0.0723270440251572,1,0.0723270440251572
"5","Nemaconia",0,0,0
"5","Neobathiea",0.0283018867924528,1,0.0283018867924528
"5","Neobolusia",0.050314465408805,1,0.050314465408805
"5","Neocogniauxia",0,0,0
"5","Neogardneria",0,0,0
"5","Neomoorea",0,0,0
"5","Neotinea",0,0,0
"5","Neottia",0,0,0
"5","Nephelaphyllum",0,0,0
"5","Nephrangis",0.0283018867924528,1,0.0283018867924528
"5","Nervilia",0.29559748427673,0.502673796791444,0.148589109743383
"5","Neuwiedia",0,0,0
"5","Nidema",0,0,0
"5","Nohawilliamsia",0,0,0
"5","Nothostele",0,0,0
"5","Notylia",0,0,0
"5","Notyliopsis",0,0,0
"5","Oberonia",0.116352201257862,0.157446808510638,0.0183192827512378
"5","Oberonioides",0,0,0
"5","Octarrhena",0,0,0
"5","Octomeria",0,0,0
"5","Odontochilus",0,0,0
"5","Odontoglossum",0,0,0
"5","Odontorrhynchus",0,0,0
"5","Oeonia",0.0314465408805031,1,0.0314465408805031
"5","Oeoniella",0.0314465408805031,1,0.0314465408805031
"5","Oestlundia",0,0,0
"5","Oligophyton",0.00314465408805031,1,0.00314465408805031
"5","Oliveriana",0,0,0
"5","Oncidium",0,0,0
"5","Ophidion",0,0,0
"5","Ophioglossella",0,0,0
"5","Ophrys",0,0,0
"5","Orchipedum",0,0,0
"5","Orchis",0,0,0
"5","Oreorchis",0,0,0
"5","Orestias",0.0314465408805031,1,0.0314465408805031
"5","Orleanesia",0,0,0
"5","Ornithocephalus",0,0,0
"5","Orthoceras",0,0,0
"5","Otoglossum",0,0,0
"5","Otostylis",0,0,0
"5","Oxystophyllum",0,0,0
"5","Pabstia",0,0,0
"5","Pabstiella",0,0,0
"5","Pachites",0.00943396226415094,1,0.00943396226415094
"5","Pachyplectron",0,0,0
"5","Pachystoma",0,0,0
"5","Palmorchis",0,0,0
"5","Paphinia",0,0,0
"5","Paphiopedilum",0,0,0
"5","Papilionanthe",0,0,0
"5","Papuaea",0,0,0
"5","Paracaleana",0,0,0
"5","Paradisanthus",0,0,0
"5","Pecteilis",0,0,0
"5","Pelatantheria",0,0,0
"5","Pelexia",0,0,0
"5","Pendusalpinx",0,0,0
"5","Pennilabium",0,0,0
"5","Peristeranthus",0,0,0
"5","Peristeria",0,0,0
"5","Peristylus",0,0,0
"5","Pescatoria",0,0,0
"5","Phalaenopsis",0,0,0
"5","Pheladenia",0,0,0
"5","Phloeophila",0,0,0
"5","Phragmipedium",0,0,0
"5","Phreatia",0,0,0
"5","Phymatidium",0,0,0
"5","Physogyne",0,0,0
"5","Pilophyllum",0,0,0
"5","Pinalia",0,0,0
"5","Platanthera",0,0,0
"5","Platycoryne",0.320754716981132,1,0.320754716981132
"5","Platyrhiza",0,0,0
"5","Platystele",0,0,0
"5","Plectorrhiza",0,0,0
"5","Plectrelminthus",0.0911949685534591,1,0.0911949685534591
"5","Plectrophora",0,0,0
"5","Pleione",0,0,0
"5","Pleurothallis",0,0,0
"5","Pleurothallopsis",0,0,0
"5","Plocoglottis",0,0,0
"5","Poaephyllum",0,0,0
"5","Podangis",0.10062893081761,1,0.10062893081761
"5","Podochilus",0,0,0
"5","Pogonia",0,0,0
"5","Pogoniopsis",0,0,0
"5","Polycycnis",0,0,0
"5","Polyotidium",0,0,0
"5","Polystachya",0.666666666666667,0.420634920634921,0.28042328042328
"5","Pomatocalpa",0,0,0
"5","Ponera",0,0,0
"5","Ponthieva",0,0,0
"5","Porpax",0.119496855345912,0.520547945205479,0.0622038425088309
"5","Porphyrostachys",0,0,0
"5","Porroglossum",0,0,0
"5","Porrorhachis",0,0,0
"5","Praecoxanthus",0,0,0
"5","Prasophyllum",0,0,0
"5","Prescottia",0,0,0
"5","Promenaea",0,0,0
"5","Prosthechea",0,0,0
"5","Pseuderia",0,0,0
"5","Pseudocentrum",0,0,0
"5","Pseudogoodyera",0,0,0
"5","Pseudolaelia",0,0,0
"5","Pseudorchis",0,0,0
"5","Pseudovanilla",0,0,0
"5","Psilochilus",0,0,0
"5","Psychilis",0,0,0
"5","Psychopsiella",0,0,0
"5","Psychopsis",0,0,0
"5","Pterichis",0,0,0
"5","Pteroceras",0,0,0
"5","Pteroglossa",0,0,0
"5","Pterostemma",0,0,0
"5","Pterostylis",0,0,0
"5","Pterygodium",0.0723270440251572,1,0.0723270440251572
"5","Pupulinia",0,0,0
"5","Pygmaeorchis",0,0,0
"5","Pyrorchis",0,0,0
"5","Quechua",0,0,0
"5","Quekettia",0,0,0
"5","Quisqueya",0,0,0
"5","Rangaeris",0.141509433962264,1,0.141509433962264
"5","Rauhiella",0,0,0
"5","Renanthera",0,0,0
"5","Restrepia",0,0,0
"5","Restrepiella",0,0,0
"5","Rhinerrhiza",0,0,0
"5","Rhipidoglossum",0.314465408805031,1,0.314465408805031
"5","Rhizanthella",0,0,0
"5","Rhomboda",0,0,0
"5","Rhynchogyna",0,0,0
"5","Rhyncholaelia",0,0,0
"5","Rhynchostele",0,0,0
"5","Rhynchostylis",0,0,0
"5","Ridleyella",0,0,0
"5","Rimacola",0,0,0
"5","Risleya",0,0,0
"5","Robiquetia",0,0,0
"5","Rodriguezia",0,0,0
"5","Roeperocharis",0.0408805031446541,1,0.0408805031446541
"5","Rossioglossum",0,0,0
"5","Rudolfiella",0,0,0
"5","Saccolabiopsis",0,0,0
"5","Saccolabium",0,0,0
"5","Sacoila",0,0,0
"5","Sanderella",0,0,0
"5","Sarcanthopsis",0,0,0
"5","Sarcochilus",0,0,0
"5","Sarcoglottis",0,0,0
"5","Sarcoglyphis",0,0,0
"5","Satyrium",0.418238993710692,0.773255813953488,0.323405733508849
"5","Saundersia",0,0,0
"5","Sauroglossum",0,0,0
"5","Scaphosepalum",0,0,0
"5","Scaphyglottis",0,0,0
"5","Schiedeella",0,0,0
"5","Schizochilus",0.0754716981132075,1,0.0754716981132075
"5","Schlimia",0,0,0
"5","Schoenorchis",0,0,0
"5","Scuticaria",0,0,0
"5","Seidenfadenia",0,0,0
"5","Selenipedium",0,0,0
"5","Serapias",0,0,0
"5","Sertifera",0,0,0
"5","Sievekingia",0,0,0
"5","Sirhookera",0,0,0
"5","Sirindhornia",0,0,0
"5","Skeptrostachys",0,0,0
"5","Smitinandia",0,0,0
"5","Sobennikoffia",0.0377358490566038,1,0.0377358490566038
"5","Sobralia",0,0,0
"5","Solenangis",0.169811320754717,1,0.169811320754717
"5","Solenidium",0,0,0
"5","Solenocentrum",0,0,0
"5","Soterosanthus",0,0,0
"5","Sotoa",0,0,0
"5","Spathoglottis",0,0,0
"5","Specklinia",0,0,0
"5","Sphyrarhynchus",0.0408805031446541,1,0.0408805031446541
"5","Spiculaea",0,0,0
"5","Spiranthes",0,0,0
"5","Stanhopea",0,0,0
"5","Stelis",0,0,0
"5","Stellamaris",0,0,0
"5","Stenia",0,0,0
"5","Stenoglottis",0.0754716981132075,1,0.0754716981132075
"5","Stenoptera",0,0,0
"5","Stenorrhynchos",0,0,0
"5","Stenotyla",0,0,0
"5","Stereochilus",0,0,0
"5","Stereosandra",0,0,0
"5","Steveniella",0,0,0
"5","Stichorkis",0.00628930817610063,0.0512820512820513,0.000322528624415417
"5","Stigmatodactylus",0,0,0
"5","Strongyleria",0,0,0
"5","Suarezia",0,0,0
"5","Summerhayesia",0.0377358490566038,1,0.0377358490566038
"5","Svenkoeltzia",0,0,0
"5","Systeloglossum",0,0,0
"5","Taeniophyllum",0.00943396226415094,0.032967032967033,0.000311009744972009
"5","Tainia",0,0,0
"5","Tamayorkis",0,0,0
"5","Taprobanea",0,0,0
"5","Teagueia",0,0,0
"5","Telipogon",0,0,0
"5","Tetramicra",0,0,0
"5","Teuscheria",0,0,0
"5","Thaia",0,0,0
"5","Thecopus",0,0,0
"5","Thecostele",0,0,0
"5","Thelasis",0,0,0
"5","Thelymitra",0,0,0
"5","Thelyschista",0,0,0
"5","Thrixspermum",0,0,0
"5","Thulinia",0.00628930817610063,1,0.00628930817610063
"5","Thunia",0,0,0
"5","Thysanoglossa",0,0,0
"5","Tipularia",0,0,0
"5","Tolumnia",0,0,0
"5","Townsonia",0,0,0
"5","Trachoma",0,0,0
"5","Traunsteinera",0,0,0
"5","Trevoria",0,0,0
"5","Triceratorhynchus",0.0125786163522013,1,0.0125786163522013
"5","Trichocentrum",0,0,0
"5","Trichoceros",0,0,0
"5","Trichoglottis",0,0,0
"5","Trichopilia",0,0,0
"5","Trichosalpinx",0,0,0
"5","Trichotosia",0,0,0
"5","Tridactyle",0.361635220125786,1,0.361635220125786
"5","Triphora",0,0,0
"5","Trisetella",0,0,0
"5","Trizeuxis",0,0,0
"5","Tropidia",0,0,0
"5","Tsaiorchis",0,0,0
"5","Tuberolabium",0,0,0
"5","Tylostigma",0.0157232704402516,1,0.0157232704402516
"5","Uleiorchis",0,0,0
"5","Uncifera",0,0,0
"5","Vanda",0,0,0
"5","Vandopsis",0,0,0
"5","Vanilla",0.289308176100629,0.214953271028037,0.0621877387879857
"5","Vargasiella",0,0,0
"5","Vasqueziella",0,0,0
"5","Veyretella",0.0188679245283019,1,0.0188679245283019
"5","Veyretia",0,0,0
"5","Vitekorchis",0,0,0
"5","Vrydagzynea",0,0,0
"5","Waireia",0,0,0
"5","Warczewiczella",0,0,0
"5","Warmingia",0,0,0
"5","Warrea",0,0,0
"5","Warreella",0,0,0
"5","Warreopsis",0,0,0
"5","Wullschlaegelia",0,0,0
"5","Xerorchis",0,0,0
"5","Xylobium",0,0,0
"5","Yoania",0,0,0
"5","Ypsilopus",0.119496855345912,1,0.119496855345912
"5","Zelenkoa",0,0,0
"5","Zeuxine",0.188679245283019,0.355029585798817,0.0669867143016635
"5","Zootrophion",0,0,0
"5","Zygopetalum",0,0,0
"5","Zygosepalum",0,0,0
"5","Zygostates",0,0,0
"6","Acanthophippium",0.0247678018575851,1,0.0247678018575851
"6","Achlydosa",0.00928792569659443,1,0.00928792569659443
"6","Acianthera",0,0,0
"6","Acianthus",0.021671826625387,0.107692307692308,0.00233388902119552
"6","Acineta",0,0,0
"6","Acriopsis",0.235294117647059,1,0.235294117647059
"6","Acrorchis",0,0,0
"6","Adenochilus",0,0,0
"6","Adenoncos",0.065015479876161,1,0.065015479876161
"6","Adrorhizon",0.00309597523219814,1,0.00309597523219814
"6","Aerangis",0.00309597523219814,0.00675675675675676,2.09187515689064e-05
"6","Aeranthes",0,0,0
"6","Aerides",0.130030959752322,0.954545454545455,0.124120461581762
"6","Aeridostachya",0.0928792569659443,1,0.0928792569659443
"6","Aetheorhyncha",0,0,0
"6","Afropectinariella",0,0,0
"6","Aganisia",0,0,0
"6","Aglossorrhyncha",0.065015479876161,1,0.065015479876161
"6","Agrostophyllum",0.352941176470588,0.966101694915254,0.340977068793619
"6","Alamania",0,0,0
"6","Alatiliparis",0.0247678018575851,1,0.0247678018575851
"6","Altensteinia",0,0,0
"6","Ambrella",0,0,0
"6","Amoana",0,0,0
"6","Anacamptis",0,0,0
"6","Anathallis",0,0,0
"6","Ancistrochilus",0,0,0
"6","Ancistrorhynchus",0,0,0
"6","Andinia",0,0,0
"6","Andreettaea",0,0,0
"6","Angraecopsis",0,0,0
"6","Angraecum",0,0,0
"6","Anguloa",0,0,0
"6","Ania",0.0928792569659443,0.967741935483871,0.0898831519025267
"6","Anoectochilus",0.198142414860681,0.941176470588235,0.186486978692406
"6","Ansellia",0,0,0
"6","Anthogonium",0.043343653250774,0.583333333333333,0.0252837977296182
"6","Aphyllorchis",0.164086687306502,0.883333333333333,0.144943240454076
"6","Aplectrum",0,0,0
"6","Aporostylis",0,0,0
"6","Apostasia",0.25077399380805,0.975903614457831,0.244731246969301
"6","Appendicula",0.402476780185758,0.99236641221374,0.399404438352279
"6","Aracamunia",0,0,0
"6","Arachnis",0.0743034055727554,0.923076923076923,0.0685877589902358
"6","Arethusa",0,0,0
"6","Arpophyllum",0,0,0
"6","Arthrochilus",0.0526315789473684,0.435897435897436,0.0229419703103914
"6","Artorima",0,0,0
"6","Arundina",0.312693498452012,0.893805309734513,0.279487109235869
"6","Aspasia",0,0,0
"6","Aulosepalum",0,0,0
"6","Auxopus",0,0,0
"6","Bambuseria",0.00928792569659443,1,0.00928792569659443
"6","Barbosella",0,0,0
"6","Barkeria",0,0,0
"6","Baskervilla",0,0,0
"6","Batemannia",0,0,0
"6","Beclardia",0,0,0
"6","Beloglottis",0,0,0
"6","Benthamia",0,0,0
"6","Benzingia",0,0,0
"6","Biermannia",0.00928792569659443,0.75,0.00696594427244582
"6","Bifrenaria",0,0,0
"6","Bipinnula",0,0,0
"6","Bletia",0,0,0
"6","Bletilla",0.0835913312693498,0.364864864864865,0.0304995397874655
"6","Bogoria",0.065015479876161,1,0.065015479876161
"6","Bolusiella",0,0,0
"6","Bonatea",0,0,0
"6","Brachionidium",0,0,0
"6","Brachycorythis",0.102167182662539,0.178378378378378,0.0182244163668312
"6","Brachypeza",0.0804953560371517,1,0.0804953560371517
"6","Brachystele",0,0,0
"6","Braemia",0,0,0
"6","Brassavola",0,0,0
"6","Brassia",0,0,0
"6","Bromheadia",0.191950464396285,1,0.191950464396285
"6","Broughtonia",0,0,0
"6","Brownleea",0,0,0
"6","Bryobium",0.148606811145511,0.979591836734694,0.145574019081317
"6","Buchtienia",0,0,0
"6","Bulbophyllum",0.804953560371517,0.390977443609023,0.314718685258037
"6","Burnettia",0,0,0
"6","Caladenia",0.0526315789473684,0.141666666666667,0.00745614035087719
"6","Calanthe",0.609907120743034,0.554929577464789,0.338455500806698
"6","Caleana",0,0,0
"6","Callostylis",0.105263157894737,0.971428571428571,0.102255639097744
"6","Calochilus",0.0681114551083591,0.275,0.0187306501547988
"6","Calopogon",0,0,0
"6","Caluera",0,0,0
"6","Calymmanthera",0.00928792569659443,1,0.00928792569659443
"6","Calypso",0,0,0
"6","Calyptrochilum",0,0,0
"6","Campanulorchis",0.0340557275541796,1,0.0340557275541796
"6","Campylocentrum",0,0,0
"6","Capanemia",0,0,0
"6","Cardiochilos",0,0,0
"6","Catasetum",0,0,0
"6","Cattleya",0,0,0
"6","Caucaea",0,0,0
"6","Caularthron",0,0,0
"6","Centrostigma",0,0,0
"6","Cephalanthera",0.0619195046439628,0.0655737704918033,0.00406029538648937
"6","Ceratandra",0,0,0
"6","Ceratostylis",0.294117647058824,0.979381443298969,0.288053365676167
"6","Chamaeanthus",0.0154798761609907,1,0.0154798761609907
"6","Chamaegastrodia",0,0,0
"6","Chamelophyton",0,0,0
"6","Chamorchis",0,0,0
"6","Changnienia",0.00928792569659443,0.428571428571429,0.00398053958425475
"6","Chaubardia",0,0,0
"6","Chaubardiella",0,0,0
"6","Cheiradenia",0,0,0
"6","Cheirostylis",0.151702786377709,0.532608695652174,0.080798223179432
"6","Chiloglottis",0.0123839009287926,0.0701754385964912,0.000869045679213514
"6","Chiloschista",0.0588235294117647,0.791666666666667,0.0465686274509804
"6","Chloraea",0,0,0
"6","Chondrorhyncha",0,0,0
"6","Chondroscaphe",0,0,0
"6","Chroniochilus",0.00309597523219814,1,0.00309597523219814
"6","Chrysoglossum",0.0557275541795666,0.818181818181818,0.0455952716014636
"6","Chysis",0,0,0
"6","Chytroglossa",0,0,0
"6","Cirrhaea",0,0,0
"6","Cischweinfia",0,0,0
"6","Claderia",0.0619195046439628,1,0.0619195046439628
"6","Cleisocentron",0.0154798761609907,0.833333333333333,0.0128998968008256
"6","Cleisomeria",0.0123839009287926,1,0.0123839009287926
"6","Cleisostoma",0.331269349845201,0.914529914529915,0.302955730200312
"6","Cleisostomopsis",0.00619195046439629,1,0.00619195046439629
"6","Cleistes",0,0,0
"6","Cleistesiopsis",0,0,0
"6","Clematepistephium",0.0123839009287926,1,0.0123839009287926
"6","Clowesia",0,0,0
"6","Coccineorchis",0,0,0
"6","Cochleanthes",0,0,0
"6","Codonorchis",0,0,0
"6","Coelia",0,0,0
"6","Coeliopsis",0,0,0
"6","Coelogyne",0.656346749226006,0.854838709677419,0.561070608209328
"6","Coenoemersa",0,0,0
"6","Coilochilus",0.00928792569659443,1,0.00928792569659443
"6","Collabium",0.108359133126935,0.921052631578947,0.099804464722177
"6","Comparettia",0,0,0
"6","Constantia",0,0,0
"6","Cooktownia",0.00309597523219814,1,0.00309597523219814
"6","Corallorhiza",0,0,0
"6","Coryanthes",0,0,0
"6","Corybas",0.126934984520124,0.372727272727273,0.0473121305938643
"6","Corycium",0,0,0
"6","Corymborkis",0.272445820433437,0.405529953917051,0.110484941005265
"6","Cottonia",0.00309597523219814,1,0.00309597523219814
"6","Cotylolabium",0,0,0
"6","Cranichis",0,0,0
"6","Cremastra",0.043343653250774,0.222222222222222,0.00963192294461644
"6","Crepidium",0.343653250773994,0.902439024390244,0.310126104357019
"6","Crossoglossa",0,0,0
"6","Crossoliparis",0,0,0
"6","Cryptarrhena",0,0,0
"6","Cryptochilus",0.0743034055727554,0.857142857142857,0.0636886333480761
"6","Cryptopus",0,0,0
"6","Cryptostylis",0.164086687306502,0.563829787234043,0.0925169619919636
"6","Cuitlauzina",0,0,0
"6","Cyanaeorchis",0,0,0
"6","Cybebus",0,0,0
"6","Cyclopogon",0,0,0
"6","Cycnoches",0,0,0
"6","Cylindrolobus",0.195046439628483,0.984375,0.191998839009288
"6","Cymbidium",0.48297213622291,0.672413793103448,0.324757126080922
"6","Cymbilabia",0.00928792569659443,0.375,0.00348297213622291
"6","Cymboglossum",0.0588235294117647,1,0.0588235294117647
"6","Cynorkis",0,0,0
"6","Cypripedium",0.0247678018575851,0.012779552715655,0.000316521429489906
"6","Cyrtochiloides",0,0,0
"6","Cyrtochilum",0,0,0
"6","Cyrtopodium",0,0,0
"6","Cyrtorchis",0,0,0
"6","Cyrtosia",0.0897832817337461,0.46031746031746,0.041328812226645
"6","Cyrtostylis",0.00309597523219814,0.0175438596491228,5.43153549508446e-05
"6","Cystorchis",0.0897832817337461,1,0.0897832817337461
"6","Dactylorhiza",0.0154798761609907,0.00796178343949045,0.000123247421663939
"6","Dactylostalix",0,0,0
"6","Daiotyla",0,0,0
"6","Danhatchia",0,0,0
"6","Degranvillea",0,0,0
"6","Deiregyne",0,0,0
"6","Dendrobium",0.879256965944272,0.765498652291105,0.673070022447907
"6","Dendrolirium",0.148606811145511,0.96,0.14266253869969
"6","Dendrophylax",0,0,0
"6","Devogelia",0.00928792569659443,1,0.00928792569659443
"6","Diaphananthe",0,0,0
"6","Diceratostele",0,0,0
"6","Dichaea",0,0,0
"6","Dichromanthus",0,0,0
"6","Didymoplexiella",0.0278637770897833,1,0.0278637770897833
"6","Didymoplexis",0.0928792569659443,0.731707317073171,0.0679604319263007
"6","Dienia",0.151702786377709,0.942307692307692,0.142950702548226
"6","Diglyphosa",0.0123839009287926,0.8,0.00990712074303406
"6","Dilochia",0.0619195046439628,1,0.0619195046439628
"6","Dilochiopsis",0.00619195046439629,1,0.00619195046439629
"6","Dilomilis",0,0,0
"6","Dimerandra",0,0,0
"6","Dimorphorchis",0.0247678018575851,1,0.0247678018575851
"6","Dinema",0,0,0
"6","Dinklageella",0,0,0
"6","Diodonopsis",0,0,0
"6","Diplocentrum",0.00619195046439629,1,0.00619195046439629
"6","Diplomeris",0.00928792569659443,0.428571428571429,0.00398053958425475
"6","Diploprora",0.0464396284829721,0.9375,0.0435371517027864
"6","Dipodium",0.173374613003096,0.608695652173913,0.105532373132319
"6","Disa",0,0,0
"6","Discyphus",0,0,0
"6","Disperis",0.021671826625387,0.056910569105691,0.00123335598681064
"6","Diuris",0.0278637770897833,0.113924050632911,0.00317435435200063
"6","Domingoa",0,0,0
"6","Dossinia",0.00928792569659443,1,0.00928792569659443
"6","Dracomonticola",0,0,0
"6","Draconanthes",0,0,0
"6","Dracula",0,0,0
"6","Drakaea",0,0,0
"6","Dresslerella",0,0,0
"6","Dressleria",0,0,0
"6","Dryadella",0,0,0
"6","Dryadorchis",0.00309597523219814,1,0.00309597523219814
"6","Drymoanthus",0.021671826625387,0.291666666666667,0.00632094943240454
"6","Duckeella",0,0,0
"6","Dunstervillea",0,0,0
"6","Dyakia",0.00309597523219814,1,0.00309597523219814
"6","Earina",0.0247678018575851,0.296296296296296,0.007338607957803
"6","Echinorhyncha",0,0,0
"6","Echinosepala",0,0,0
"6","Eggelingia",0,0,0
"6","Eleorchis",0,0,0
"6","Elleanthus",0,0,0
"6","Eloyella",0,0,0
"6","Eltroplectris",0,0,0
"6","Embreea",0,0,0
"6","Encyclia",0,0,0
"6","Ephippianthus",0,0,0
"6","Epiblastus",0.0619195046439628,1,0.0619195046439628
"6","Epiblema",0,0,0
"6","Epidendrum",0,0,0
"6","Epipactis",0.0464396284829721,0.0282485875706215,0.00131185391194837
"6","Epipogium",0.126934984520124,0.182222222222222,0.0231303749570003
"6","Epistephium",0,0,0
"6","Erasanthe",0,0,0
"6","Eria",0.287925696594427,0.948979591836735,0.273235610033487
"6","Eriaxis",0.0123839009287926,1,0.0123839009287926
"6","Eriochilus",0,0,0
"6","Eriodes",0.0123839009287926,1,0.0123839009287926
"6","Eriopsis",0,0,0
"6","Erycina",0,0,0
"6","Erythrodes",0.0681114551083591,0.956521739130435,0.0651500874949522
"6","Erythrorchis",0.0743034055727554,0.685714285714286,0.0509509066784609
"6","Espinhassoa",0,0,0
"6","Eulophia",0.458204334365325,0.211428571428571,0.0968774878372402
"6","Euryblema",0,0,0
"6","Eurycentrum",0.0557275541795666,1,0.0557275541795666
"6","Eurychone",0,0,0
"6","Eurystyles",0,0,0
"6","Evotella",0,0,0
"6","Fernandezia",0,0,0
"6","Frondaria",0,0,0
"6","Fuertesiella",0,0,0
"6","Funkiella",0,0,0
"6","Galeandra",0,0,0
"6","Galearis",0.00309597523219814,0.004,1.23839009287926e-05
"6","Galeoglossum",0,0,0
"6","Galeola",0.105263157894737,0.790697674418605,0.0832313341493268
"6","Galeottia",0,0,0
"6","Galeottiella",0,0,0
"6","Gastrochilus",0.151702786377709,0.662162162162162,0.100451845033888
"6","Gastrodia",0.086687306501548,0.198581560283688,0.0172145005818677
"6","Gavilea",0,0,0
"6","Gennaria",0,0,0
"6","Genoplesium",0.0185758513931889,0.08,0.00148606811145511
"6","Glomera",0.13312693498452,1,0.13312693498452
"6","Gomesa",0,0,0
"6","Gomphichis",0,0,0
"6","Gonatostylis",0.0123839009287926,1,0.0123839009287926
"6","Gongora",0,0,0
"6","Goodyera",0.405572755417957,0.177266576454668,0.0718944938562278
"6","Govenia",0,0,0
"6","Grammangis",0,0,0
"6","Grammatophyllum",0.0990712074303406,1,0.0990712074303406
"6","Grandiphyllum",0,0,0
"6","Graphorkis",0,0,0
"6","Gravendeelia",0,0,0
"6","Greenwoodiella",0,0,0
"6","Grobya",0,0,0
"6","Grosourdya",0.0681114551083591,1,0.0681114551083591
"6","Guanchezia",0,0,0
"6","Guarianthe",0,0,0
"6","Gunnarella",0.00619195046439629,1,0.00619195046439629
"6","Gymnadenia",0,0,0
"6","Habenaria",0.560371517027864,0.192758253461129,0.108016234911654
"6","Hagsatera",0,0,0
"6","Halleorchis",0,0,0
"6","Hammarbya",0,0,0
"6","Hancockia",0.00928792569659443,1,0.00928792569659443
"6","Hapalorchis",0,0,0
"6","Helleriella",0,0,0
"6","Helonoma",0,0,0
"6","Hemipilia",0.120743034055728,0.180555555555556,0.0218008255933953
"6","Herminium",0.151702786377709,0.173758865248227,0.0263597040159849
"6","Herpysma",0.0247678018575851,0.8,0.0198142414860681
"6","Hetaeria",0.226006191950464,0.598360655737705,0.135233213216261
"6","Himantoglossum",0,0,0
"6","Hintonella",0,0,0
"6","Hoehneella",0,0,0
"6","Hofmeisterella",0,0,0
"6","Holcoglossum",0.0495356037151703,0.666666666666667,0.0330237358101135
"6","Holothrix",0,0,0
"6","Homalopetalum",0,0,0
"6","Horichia",0,0,0
"6","Horvatia",0,0,0
"6","Houlletia",0,0,0
"6","Hsenhsua",0,0,0
"6","Huntleya",0,0,0
"6","Huttonaea",0,0,0
"6","Hylophila",0.0495356037151703,1,0.0495356037151703
"6","Hymenorchis",0.0154798761609907,1,0.0154798761609907
"6","Ida",0,0,0
"6","Imerinaea",0,0,0
"6","Ionopsis",0,0,0
"6","Isabelia",0,0,0
"6","Isochilus",0,0,0
"6","Isotria",0,0,0
"6","Ixyophora",0,0,0
"6","Jacquiniella",0,0,0
"6","Jejewoodia",0.0123839009287926,1,0.0123839009287926
"6","Jumellea",0,0,0
"6","Kefersteinia",0,0,0
"6","Kegeliella",0,0,0
"6","Kionophyton",0,0,0
"6","Koellensteinia",0,0,0
"6","Kylicanthe",0,0,0
"6","Lacaena",0,0,0
"6","Laelia",0,0,0
"6","Lankesterella",0,0,0
"6","Lankesteriana",0,0,0
"6","Lecanorchis",0.0743034055727554,0.631578947368421,0.0469284666775297
"6","Lemurella",0,0,0
"6","Lemurorchis",0,0,0
"6","Leochilus",0,0,0
"6","Lepanthes",0,0,0
"6","Lepanthopsis",0,0,0
"6","Lepidogyne",0.0557275541795666,1,0.0557275541795666
"6","Leporella",0,0,0
"6","Leptoceras",0,0,0
"6","Leptotes",0,0,0
"6","Limodorum",0,0,0
"6","Liparis",0.628482972136223,0.255667506297229,0.160682674236339
"6","Listrostachys",0,0,0
"6","Lockhartia",0,0,0
"6","Loefgrenianthus",0,0,0
"6","Ludisia",0.0588235294117647,1,0.0588235294117647
"6","Lueckelia",0,0,0
"6","Lueddemannia",0,0,0
"6","Luisia",0.21671826625387,0.897435897435897,0.194490751766294
"6","Lycaste",0,0,0
"6","Lycomormium",0,0,0
"6","Lyperanthus",0,0,0
"6","Lyroglossa",0,0,0
"6","Macodes",0.0681114551083591,1,0.0681114551083591
"6","Macradenia",0,0,0
"6","Macroclinium",0,0,0
"6","Macropodanthus",0.00619195046439629,1,0.00619195046439629
"6","Madisonia",0,0,0
"6","Malaxis",0.0464396284829721,0.0256410256410256,0.00119075970469159
"6","Manniella",0,0,0
"6","Masdevallia",0,0,0
"6","Maxillaria",0,0,0
"6","Mediocalcar",0.0897832817337461,1,0.0897832817337461
"6","Megalorchis",0,0,0
"6","Megastylis",0.0123839009287926,1,0.0123839009287926
"6","Meiracyllium",0,0,0
"6","Mengzia",0.00309597523219814,1,0.00309597523219814
"6","Mesadenella",0,0,0
"6","Mesadenus",0,0,0
"6","Mexipedium",0,0,0
"6","Microchilus",0,0,0
"6","Microcoelia",0,0,0
"6","Microepidendrum",0,0,0
"6","Micropera",0.086687306501548,0.96551724137931,0.0836980890359774
"6","Microsaccus",0.0309597523219814,1,0.0309597523219814
"6","Microthelys",0,0,0
"6","Microtis",0.0897832817337461,0.233870967741935,0.020997702986118
"6","Miltonia",0,0,0
"6","Miltoniopsis",0,0,0
"6","Mobilabium",0.0123839009287926,0.8,0.00990712074303406
"6","Monophyllorchis",0,0,0
"6","Mormodes",0,0,0
"6","Mycaranthes",0.145510835913313,0.979166666666667,0.142479360165119
"6","Myoxanthus",0,0,0
"6","Myrmecophila",0,0,0
"6","Myrosmodes",0,0,0
"6","Mystacidium",0,0,0
"6","Nemaconia",0,0,0
"6","Neobathiea",0,0,0
"6","Neobolusia",0,0,0
"6","Neocogniauxia",0,0,0
"6","Neogardneria",0,0,0
"6","Neomoorea",0,0,0
"6","Neotinea",0,0,0
"6","Neottia",0.0340557275541796,0.0164179104477612,0.000559123885217873
"6","Nephelaphyllum",0.102167182662539,0.970588235294118,0.0991622655254052
"6","Nephrangis",0,0,0
"6","Nervilia",0.235294117647059,0.406417112299465,0.0956275558351683
"6","Neuwiedia",0.123839009287926,1,0.123839009287926
"6","Nidema",0,0,0
"6","Nohawilliamsia",0,0,0
"6","Nothostele",0,0,0
"6","Notylia",0,0,0
"6","Notyliopsis",0,0,0
"6","Oberonia",0.513931888544892,0.706382978723404,0.363032738291285
"6","Oberonioides",0.0123839009287926,1,0.0123839009287926
"6","Octarrhena",0.108359133126935,1,0.108359133126935
"6","Octomeria",0,0,0
"6","Odontochilus",0.204334365325077,0.709677419354839,0.14501148506941
"6","Odontoglossum",0,0,0
"6","Odontorrhynchus",0,0,0
"6","Oeonia",0,0,0
"6","Oeoniella",0,0,0
"6","Oestlundia",0,0,0
"6","Oligophyton",0,0,0
"6","Oliveriana",0,0,0
"6","Oncidium",0,0,0
"6","Ophidion",0,0,0
"6","Ophioglossella",0.00309597523219814,1,0.00309597523219814
"6","Ophrys",0,0,0
"6","Orchipedum",0.0123839009287926,1,0.0123839009287926
"6","Orchis",0,0,0
"6","Oreorchis",0.0371517027863777,0.153846153846154,0.00571564658251965
"6","Orestias",0,0,0
"6","Orleanesia",0,0,0
"6","Ornithocephalus",0,0,0
"6","Orthoceras",0.00619195046439629,0.0465116279069767,0.000287997696018432
"6","Otoglossum",0,0,0
"6","Otostylis",0,0,0
"6","Oxystophyllum",0.173374613003096,1,0.173374613003096
"6","Pabstia",0,0,0
"6","Pabstiella",0,0,0
"6","Pachites",0,0,0
"6","Pachyplectron",0.00928792569659443,1,0.00928792569659443
"6","Pachystoma",0.0897832817337461,0.935483870967742,0.0839908119444722
"6","Palmorchis",0,0,0
"6","Paphinia",0,0,0
"6","Paphiopedilum",0.207430340557276,0.957142857142857,0.198540468819107
"6","Papilionanthe",0.0247678018575851,0.727272727272727,0.0180129468055165
"6","Papuaea",0.00309597523219814,1,0.00309597523219814
"6","Paracaleana",0,0,0
"6","Paradisanthus",0,0,0
"6","Pecteilis",0.117647058823529,0.666666666666667,0.0784313725490196
"6","Pelatantheria",0.0495356037151703,0.64,0.031702786377709
"6","Pelexia",0,0,0
"6","Pendusalpinx",0,0,0
"6","Pennilabium",0.0185758513931889,1,0.0185758513931889
"6","Peristeranthus",0.0123839009287926,0.444444444444444,0.00550395596835225
"6","Peristeria",0,0,0
"6","Peristylus",0.38390092879257,0.849315068493151,0.326052843632045
"6","Pescatoria",0,0,0
"6","Phalaenopsis",0.284829721362229,0.814159292035398,0.231896764294912
"6","Pheladenia",0,0,0
"6","Phloeophila",0,0,0
"6","Phragmipedium",0,0,0
"6","Phreatia",0.328173374613003,0.990654205607477,0.325106333728769
"6","Phymatidium",0,0,0
"6","Physogyne",0,0,0
"6","Pilophyllum",0.0123839009287926,1,0.0123839009287926
"6","Pinalia",0.445820433436532,0.905660377358491,0.403761901980256
"6","Platanthera",0.188854489164087,0.0674033149171271,0.0127294186066401
"6","Platycoryne",0,0,0
"6","Platyrhiza",0,0,0
"6","Platystele",0,0,0
"6","Plectorrhiza",0.0340557275541796,0.478260869565217,0.0162875218737381
"6","Plectrelminthus",0,0,0
"6","Plectrophora",0,0,0
"6","Pleione",0.086687306501548,0.466666666666667,0.0404540763673891
"6","Pleurothallis",0,0,0
"6","Pleurothallopsis",0,0,0
"6","Plocoglottis",0.204334365325077,1,0.204334365325077
"6","Poaephyllum",0.0309597523219814,1,0.0309597523219814
"6","Podangis",0,0,0
"6","Podochilus",0.294117647058824,0.979381443298969,0.288053365676167
"6","Pogonia",0.0526315789473684,0.092896174863388,0.00488927236123095
"6","Pogoniopsis",0,0,0
"6","Polycycnis",0,0,0
"6","Polyotidium",0,0,0
"6","Polystachya",0.0743034055727554,0.0476190476190476,0.00353825740822645
"6","Pomatocalpa",0.222910216718266,0.972972972972973,0.216885616266421
"6","Ponera",0,0,0
"6","Ponthieva",0,0,0
"6","Porpax",0.102167182662539,0.452054794520548,0.0461851647652572
"6","Porphyrostachys",0,0,0
"6","Porroglossum",0,0,0
"6","Porrorhachis",0.0154798761609907,1,0.0154798761609907
"6","Praecoxanthus",0,0,0
"6","Prasophyllum",0,0,0
"6","Prescottia",0,0,0
"6","Promenaea",0,0,0
"6","Prosthechea",0,0,0
"6","Pseuderia",0.043343653250774,1,0.043343653250774
"6","Pseudocentrum",0,0,0
"6","Pseudogoodyera",0,0,0
"6","Pseudolaelia",0,0,0
"6","Pseudorchis",0,0,0
"6","Pseudovanilla",0.0371517027863777,0.705882352941177,0.0262247313786196
"6","Psilochilus",0,0,0
"6","Psychilis",0,0,0
"6","Psychopsiella",0,0,0
"6","Psychopsis",0,0,0
"6","Pterichis",0,0,0
"6","Pteroceras",0.0557275541795666,0.947368421052632,0.052794525012221
"6","Pteroglossa",0,0,0
"6","Pterostemma",0,0,0
"6","Pterostylis",0.0773993808049536,0.193798449612403,0.01499988000096
"6","Pterygodium",0,0,0
"6","Pupulinia",0,0,0
"6","Pygmaeorchis",0,0,0
"6","Pyrorchis",0,0,0
"6","Quechua",0,0,0
"6","Quekettia",0,0,0
"6","Quisqueya",0,0,0
"6","Rangaeris",0,0,0
"6","Rauhiella",0,0,0
"6","Renanthera",0.126934984520124,1,0.126934984520124
"6","Restrepia",0,0,0
"6","Restrepiella",0,0,0
"6","Rhinerrhiza",0.00619195046439629,0.222222222222222,0.00137598899208806
"6","Rhipidoglossum",0,0,0
"6","Rhizanthella",0,0,0
"6","Rhomboda",0.154798761609907,0.892857142857143,0.138213180008846
"6","Rhynchogyna",0.00619195046439629,1,0.00619195046439629
"6","Rhyncholaelia",0,0,0
"6","Rhynchostele",0,0,0
"6","Rhynchostylis",0.0464396284829721,0.789473684210526,0.0366628645918201
"6","Ridleyella",0.0154798761609907,1,0.0154798761609907
"6","Rimacola",0,0,0
"6","Risleya",0,0,0
"6","Robiquetia",0.263157894736842,0.977011494252874,0.257108287961282
"6","Rodriguezia",0,0,0
"6","Roeperocharis",0,0,0
"6","Rossioglossum",0,0,0
"6","Rudolfiella",0,0,0
"6","Saccolabiopsis",0.043343653250774,0.875,0.0379256965944272
"6","Saccolabium",0.00619195046439629,1,0.00619195046439629
"6","Sacoila",0,0,0
"6","Sanderella",0,0,0
"6","Sarcanthopsis",0.0247678018575851,1,0.0247678018575851
"6","Sarcochilus",0.0526315789473684,0.404761904761905,0.0213032581453634
"6","Sarcoglottis",0,0,0
"6","Sarcoglyphis",0.0185758513931889,1,0.0185758513931889
"6","Satyrium",0.0309597523219814,0.0581395348837209,0.0017999856001152
"6","Saundersia",0,0,0
"6","Sauroglossum",0,0,0
"6","Scaphosepalum",0,0,0
"6","Scaphyglottis",0,0,0
"6","Schiedeella",0,0,0
"6","Schizochilus",0,0,0
"6","Schlimia",0,0,0
"6","Schoenorchis",0.195046439628483,0.926470588235294,0.1807047896558
"6","Scuticaria",0,0,0
"6","Seidenfadenia",0.00309597523219814,1,0.00309597523219814
"6","Selenipedium",0,0,0
"6","Serapias",0,0,0
"6","Sertifera",0,0,0
"6","Sievekingia",0,0,0
"6","Sirhookera",0.0123839009287926,1,0.0123839009287926
"6","Sirindhornia",0.00619195046439629,1,0.00619195046439629
"6","Skeptrostachys",0,0,0
"6","Smitinandia",0.0154798761609907,0.833333333333333,0.0128998968008256
"6","Sobennikoffia",0,0,0
"6","Sobralia",0,0,0
"6","Solenangis",0,0,0
"6","Solenidium",0,0,0
"6","Solenocentrum",0,0,0
"6","Soterosanthus",0,0,0
"6","Sotoa",0,0,0
"6","Spathoglottis",0.46749226006192,0.909638554216867,0.4252489835503
"6","Specklinia",0,0,0
"6","Sphyrarhynchus",0,0,0
"6","Spiculaea",0,0,0
"6","Spiranthes",0.30030959752322,0.122784810126582,0.0368734569110789
"6","Stanhopea",0,0,0
"6","Stelis",0,0,0
"6","Stellamaris",0,0,0
"6","Stenia",0,0,0
"6","Stenoglottis",0,0,0
"6","Stenoptera",0,0,0
"6","Stenorrhynchos",0,0,0
"6","Stenotyla",0,0,0
"6","Stereochilus",0.00309597523219814,0.5,0.00154798761609907
"6","Stereosandra",0.043343653250774,1,0.043343653250774
"6","Steveniella",0,0,0
"6","Stichorkis",0.114551083591331,0.948717948717949,0.108676669048186
"6","Stigmatodactylus",0.0557275541795666,0.6,0.0334365325077399
"6","Strongyleria",0.148606811145511,0.96,0.14266253869969
"6","Suarezia",0,0,0
"6","Summerhayesia",0,0,0
"6","Svenkoeltzia",0,0,0
"6","Systeloglossum",0,0,0
"6","Taeniophyllum",0.222910216718266,0.791208791208791,0.176368523117749
"6","Tainia",0.176470588235294,0.890625,0.157169117647059
"6","Tamayorkis",0,0,0
"6","Taprobanea",0.0154798761609907,1,0.0154798761609907
"6","Teagueia",0,0,0
"6","Telipogon",0,0,0
"6","Tetramicra",0,0,0
"6","Teuscheria",0,0,0
"6","Thaia",0.00619195046439629,1,0.00619195046439629
"6","Thecopus",0.0278637770897833,1,0.0278637770897833
"6","Thecostele",0.043343653250774,1,0.043343653250774
"6","Thelasis",0.222910216718266,0.986301369863014,0.219856652105687
"6","Thelymitra",0.0835913312693498,0.230769230769231,0.0192903072160038
"6","Thelyschista",0,0,0
"6","Thrixspermum",0.306501547987616,0.876106194690266,0.268527904874106
"6","Thulinia",0,0,0
"6","Thunia",0.0340557275541796,0.611111111111111,0.020811833505332
"6","Thysanoglossa",0,0,0
"6","Tipularia",0.00619195046439629,0.0294117647058824,0.000182116190129303
"6","Tolumnia",0,0,0
"6","Townsonia",0.00928792569659443,0.214285714285714,0.00199026979212738
"6","Trachoma",0.0619195046439628,1,0.0619195046439628
"6","Traunsteinera",0,0,0
"6","Trevoria",0,0,0
"6","Triceratorhynchus",0,0,0
"6","Trichocentrum",0,0,0
"6","Trichoceros",0,0,0
"6","Trichoglottis",0.219814241486068,1,0.219814241486068
"6","Trichopilia",0,0,0
"6","Trichosalpinx",0,0,0
"6","Trichotosia",0.303405572755418,0.98989898989899,0.300340870000313
"6","Tridactyle",0,0,0
"6","Triphora",0,0,0
"6","Trisetella",0,0,0
"6","Trizeuxis",0,0,0
"6","Tropidia",0.263157894736842,0.739130434782609,0.194508009153318
"6","Tsaiorchis",0.0154798761609907,1,0.0154798761609907
"6","Tuberolabium",0.0247678018575851,1,0.0247678018575851
"6","Tylostigma",0,0,0
"6","Uleiorchis",0,0,0
"6","Uncifera",0.00928792569659443,0.6,0.00557275541795666
"6","Vanda",0.253869969040248,0.796116504854369,0.202110072439809
"6","Vandopsis",0.0278637770897833,1,0.0278637770897833
"6","Vanilla",0.160990712074303,0.121495327102804,0.0195596192239808
"6","Vargasiella",0,0,0
"6","Vasqueziella",0,0,0
"6","Veyretella",0,0,0
"6","Veyretia",0,0,0
"6","Vitekorchis",0,0,0
"6","Vrydagzynea",0.173374613003096,1,0.173374613003096
"6","Waireia",0,0,0
"6","Warczewiczella",0,0,0
"6","Warmingia",0,0,0
"6","Warrea",0,0,0
"6","Warreella",0,0,0
"6","Warreopsis",0,0,0
"6","Wullschlaegelia",0,0,0
"6","Xerorchis",0,0,0
"6","Xylobium",0,0,0
"6","Yoania",0.00309597523219814,0.0714285714285714,0.000221141088014153
"6","Ypsilopus",0,0,0
"6","Zelenkoa",0,0,0
"6","Zeuxine",0.281733746130031,0.538461538461538,0.151702786377709
"6","Zootrophion",0,0,0
"6","Zygopetalum",0,0,0
"6","Zygosepalum",0,0,0
"6","Zygostates",0,0,0
